x,y,grupo
5.173332355924644,5.761592021745209,grupo 1
5.583270506828905,4.245511658031505,grupo 1
5.66425580164392,4.100121745876101,grupo 1
5.0935715128782695,4.7969498624411795,grupo 1
2.828683027479931,4.035517126773818,grupo 1
5.335023976730141,3.2184866743254728,grupo 1
4.442489850683379,6.96801731475205,grupo 1
6.460485022972806,2.958389240807296,grupo 1
4.7705938217973065,5.508239799790719,grupo 1
5.659558797286624,3.556362285907353,grupo 1
5.280496166537441,5.073555046576721,grupo 1
5.09361914692176,5.939033970567288,grupo 1
5.733479983076986,4.711568971398146,grupo 1
5.11993233661739,5.7945099802732605,grupo 1
6.195785674944938,3.7904042745246773,grupo 1
5.3695002786216826,4.392822182052475,grupo 1
4.2974504548175325,4.141785463061937,grupo 1
1.741956112797737,6.392286981340677,grupo 1
7.876435870704116,2.188509117225577,grupo 1
4.915254550657272,4.745064053214851,grupo 1
6.643585798677072,6.0232603199457415,grupo 1
7.091758839804639,3.1326739359644185,grupo 1
6.363528673869033,3.6257521432196214,grupo 1
4.540307606111524,3.9117176880987308,grupo 1
5.633154209395927,5.050823771716,grupo 1
5.737016032399286,3.608232930871962,grupo 1
2.0704608795428507,3.943750745331154,grupo 1
4.7745044574360636,5.003398638715516,grupo 1
7.785113341336993,4.104644816065862,grupo 1
5.853802104542537,4.634283652210195,grupo 1
5.212743123311629,5.554779909019997,grupo 1
4.263028504725592,6.200839690205371,grupo 1
6.721716018247863,5.568783684541585,grupo 1
5.114562653173986,5.396632261906695,grupo 1
4.390833906183493,5.233534712873578,grupo 1
4.213386208144247,3.3615579295472813,grupo 1
4.926729271242557,6.430127593812848,grupo 1
7.54717301228903,1.68351728556057,grupo 1
3.8712969788978406,7.904916340178319,grupo 1
3.5678767216140592,5.497450576437375,grupo 1
7.803130021658668,3.141476289401557,grupo 1
8.481936519083034,3.583036128861376,grupo 1
6.784845330977105,1.5539295412530052,grupo 1
2.592291045642804,6.5561062307995925,grupo 1
6.021413100146213,2.6927228574992075,grupo 1
4.547224303749894,5.536540505635936,grupo 1
3.680792884561241,5.5248735491280545,grupo 1
4.1106570799823015,6.544377129524694,grupo 1
3.7356318481560686,6.479131656112934,grupo 1
4.99063364898231,4.92363447894774,grupo 1
2.8316247217656825,4.5730784869597185,grupo 1
6.031642953215316,2.936328328214767,grupo 1
7.761908000773104,1.6164870516579128,grupo 1
5.216438972761463,4.915591655193696,grupo 1
4.540691214028525,5.607211871496493,grupo 1
5.804168567115539,5.164606914408343,grupo 1
7.2183984908058925,4.409374197295679,grupo 1
5.582857721460315,3.022554352382046,grupo 1
3.8263614739013954,5.147729637273284,grupo 1
4.576722291793863,5.037500763780905,grupo 1
4.68202639238157,5.442124385946833,grupo 1
3.933492968005938,6.014837368928562,grupo 1
4.915716888800441,5.879900120877618,grupo 1
5.274606192186864,5.772212271236402,grupo 1
5.5426107598209935,5.798419749830124,grupo 1
4.420243459548544,3.939431015255399,grupo 1
3.4330855879567355,6.338066292298201,grupo 1
4.306840445641688,4.509708687721499,grupo 1
2.988274427893739,3.3059515290535844,grupo 1
4.966528095900802,4.7231384276465675,grupo 1
4.5208909799403045,5.515861694691391,grupo 1
5.452880751101298,4.9697681778491205,grupo 1
7.396517133752407,4.792731063537152,grupo 1
4.103964471484009,5.174653640374352,grupo 1
3.1543247108690906,9.12855275080948,grupo 1
4.961927813538841,4.445556733232101,grupo 1
5.903829265532709,3.8456196995728265,grupo 1
4.185828969763111,6.069044706458005,grupo 1
6.18303450499073,3.5739449720417573,grupo 1
4.845580884398805,3.603610592039778,grupo 1
5.110328826184493,3.9925396473927437,grupo 1
5.321696324037899,4.263454201551508,grupo 1
6.405729226979564,5.074487160972037,grupo 1
5.380833528205207,4.5104370479758185,grupo 1
5.242318322130513,6.130455298281124,grupo 1
4.070839543817245,4.545597618741079,grupo 1
4.7179926647542745,5.155603902980128,grupo 1
5.975617633620485,2.587535505993961,grupo 1
6.702919303138083,3.941042811929547,grupo 1
3.1152032489531036,3.9303870472614566,grupo 1
4.491863181051737,3.992855536862063,grupo 1
4.4236756305514895,4.734802708147885,grupo 1
5.478468779390768,4.886729584041213,grupo 1
4.574133457018901,4.940291035413967,grupo 1
5.180314505999461,3.2545473699581398,grupo 1
5.820052350864993,4.948570547413891,grupo 1
5.766078254813623,6.33108708510378,grupo 1
4.584682512313929,6.541044088100525,grupo 1
7.019154555987177,4.418116778233053,grupo 1
7.921100666749758,1.9688863969396682,grupo 1
6.064522832028951,3.2084954045056246,grupo 1
3.672365936391962,6.509243912875764,grupo 1
2.3026927166785733,4.280389252351974,grupo 1
7.2548640721072495,2.7372393995597544,grupo 1
2.846506718108428,7.630144786588351,grupo 1
3.678354954045656,7.771098398601376,grupo 1
4.766539838953199,5.96901652175839,grupo 1
3.5601841020324967,7.717256650895236,grupo 1
3.5106637151550473,5.974482229391194,grupo 1
4.041439237663365,5.817692972373214,grupo 1
4.475889731502561,4.841643353695864,grupo 1
4.861861027797114,4.82388214108457,grupo 1
4.522281149525116,3.514435566593748,grupo 1
3.9355554498914005,4.106552286745837,grupo 1
4.940696267959766,3.7611081628441205,grupo 1
5.856756514994851,2.9270491567127195,grupo 1
4.73844522123635,4.334625228166156,grupo 1
5.687758292537395,3.0278772102929192,grupo 1
5.255985428649957,3.4024069581230347,grupo 1
5.950266581325129,3.328794288679948,grupo 1
5.391969394862254,6.078717835610457,grupo 1
5.331548455418111,3.907472049006728,grupo 1
6.082497377930735,3.8465436850106407,grupo 1
4.372728150708837,6.930548449969608,grupo 1
3.8792237699949794,5.365423562728709,grupo 1
4.567410707329202,5.031472020771198,grupo 1
4.652206448957329,5.479668127424234,grupo 1
1.7966720812435613,4.609331328964534,grupo 1
5.529779164097154,5.18932599801606,grupo 1
3.957839845048388,6.191463262991045,grupo 1
6.987399303117502,4.68419007087209,grupo 1
4.461168475315079,3.987080210393546,grupo 1
3.5731916831143744,7.559064293478851,grupo 1
6.6103983091772065,1.7704944978360833,grupo 1
6.489004898400873,3.8539616794754776,grupo 1
5.029841585512968,3.5557671180123736,grupo 1
5.63321657935769,5.54565081521338,grupo 1
5.421113752610282,6.097650220419844,grupo 1
7.0764873987992365,3.6600699711128453,grupo 1
5.981368658622485,3.2041675516774704,grupo 1
4.4990258983167974,6.46237813367861,grupo 1
4.898159493343671,3.971377056793653,grupo 1
3.906572249671263,5.178480220168177,grupo 1
4.139247396346954,2.229876900496483,grupo 1
4.681125849189586,4.768365222509809,grupo 1
4.552090968923809,6.7302697082471425,grupo 1
4.047398393090234,4.561458020172268,grupo 1
5.902076582442327,6.53282114707798,grupo 1
5.895696405662474,5.810400512895318,grupo 1
5.278262983749956,5.359577662527064,grupo 1
3.7869777322684532,4.853938178485365,grupo 1
7.02439151819818,2.4608962770761966,grupo 1
4.467702426690891,6.281654626580389,grupo 1
5.220514934500897,3.6436068581053673,grupo 1
3.670711515606878,5.111209874064477,grupo 1
5.308033129946675,5.12521072275555,grupo 1
5.419491019858716,3.864653206340884,grupo 1
7.657812764584046,4.39996758276686,grupo 1
4.328312318341493,6.805921077174416,grupo 1
4.248485519644933,8.071489471838392,grupo 1
6.414216416952413,4.850279492364364,grupo 1
3.9044653182366034,5.727994683512102,grupo 1
6.900949976002007,4.299686237252759,grupo 1
5.387994287380411,4.253885649519344,grupo 1
6.03394194775777,4.744904683502458,grupo 1
5.364903174600691,3.444163198385307,grupo 1
4.206895869061598,5.547640836182153,grupo 1
7.145320543040991,4.816330039168741,grupo 1
4.3595925228162224,5.189040681927809,grupo 1
6.263804486853189,2.3191771730991038,grupo 1
4.770449211870129,5.663678807583592,grupo 1
4.05200630107079,5.101724240215356,grupo 1
4.414809123870336,4.861532823299577,grupo 1
5.754429495675277,6.878591446268166,grupo 1
5.760199230268923,4.680726800792846,grupo 1
4.303493437611058,5.472933957867881,grupo 1
6.360258443367098,2.6003932047552527,grupo 1
5.8146504270605694,4.9231466646223625,grupo 1
4.310550488505087,5.5460069113421655,grupo 1
6.863136915324567,3.744583404059678,grupo 1
6.821186992487043,4.867118942336123,grupo 1
6.858425802061821,5.789276404535675,grupo 1
5.62297866666569,3.154037429911401,grupo 1
3.685727639178705,7.543907645536852,grupo 1
2.963292767971372,5.797231905831624,grupo 1
3.3456614693314335,5.367643258751022,grupo 1
6.485994653005359,4.664022067962194,grupo 1
4.69208647196252,5.644345921557311,grupo 1
4.8389649898879625,5.895586778797552,grupo 1
3.711908687829399,7.268629422195713,grupo 1
3.3106214560137,5.475972037208795,grupo 1
3.998927278636301,5.734683370248088,grupo 1
3.4271417135576367,6.946389583797287,grupo 1
5.610710630744959,2.9639395576135974,grupo 1
5.595464737022063,4.670871461522967,grupo 1
3.2901167481878595,6.94101985024905,grupo 1
4.956810894515831,4.975368458784862,grupo 1
4.706326655189295,5.62222911427455,grupo 1
6.579330568921771,4.410083530025029,grupo 1
4.582630135166236,5.787015574078031,grupo 1
5.914101452855905,4.6650399045204445,grupo 1
3.153150432178477,2.5156794163657583,grupo 1
5.757775738498822,3.163962739287751,grupo 1
8.480860940583879,4.386765201398936,grupo 1
8.30635546325869,5.843204755557135,grupo 1
4.605703643493795,6.450282442518061,grupo 1
3.4165996047579013,5.7240176549771595,grupo 1
5.902410474561641,4.212430854572198,grupo 1
4.6644909291923184,5.710604704306434,grupo 1
4.930260264300987,4.7653782566533875,grupo 1
6.7398425334551675,4.120760918219885,grupo 1
7.209912466010163,2.9585151156514624,grupo 1
7.071437975173752,3.374800460931948,grupo 1
3.94057435941295,4.569540702567917,grupo 1
5.087991492959795,5.376235285609111,grupo 1
4.929631229312523,6.560581354545716,grupo 1
7.344918875232613,4.500952675775135,grupo 1
6.465464455315052,3.2138473745366576,grupo 1
4.004222969558889,6.676841436876454,grupo 1
2.1463995301229595,4.060703509624926,grupo 1
6.566548512076341,3.371623915145551,grupo 1
3.09139204943875,7.040999901274644,grupo 1
3.2370189152255047,6.330907463032075,grupo 1
1.8223392889633705,4.6805186395665626,grupo 1
5.5197430010054305,5.667315442453434,grupo 1
5.192429173230664,4.194911476895085,grupo 1
5.563380575370167,6.182507211576602,grupo 1
7.193499083674997,1.48674259409521,grupo 1
6.138758882700925,2.3395236053265633,grupo 1
1.8932237219042674,4.833647620404646,grupo 1
6.138947976736439,2.5831911831637715,grupo 1
4.37000164058247,4.636866986241252,grupo 1
4.466157770431554,6.735153486844369,grupo 1
5.534804219501732,3.6958831739466405,grupo 1
5.7427357100499785,3.934513234861642,grupo 1
7.837261397556014,4.327053010188665,grupo 1
4.789616604266803,5.993184926145916,grupo 1
3.2892024861416913,5.947400852341344,grupo 1
5.4118059147032955,6.073680744150892,grupo 1
4.62888535312432,3.9989096226037706,grupo 1
5.385384467009994,4.704838141452938,grupo 1
4.45399032337279,4.008131532815042,grupo 1
5.9724966099443675,7.047183981584647,grupo 1
6.372568724251325,4.743776239206727,grupo 1
3.9162210120277132,4.20548798902882,grupo 1
5.657287488296566,5.017161988695895,grupo 1
4.504643309571948,5.221951649299031,grupo 1
5.339943553440095,5.895890155558824,grupo 1
6.741211022838636,5.671304359699138,grupo 1
5.237504715519446,3.360622634490757,grupo 1
3.1575401165657997,6.836203649933107,grupo 1
6.058667057081777,5.23644428034531,grupo 1
4.658118292244653,6.087276124068003,grupo 1
6.158681976906854,3.852150111296197,grupo 1
7.209050874715967,2.4106773322304837,grupo 1
4.260723530560352,4.657965499786235,grupo 1
5.319700316314347,4.711080364824845,grupo 1
3.747992161017196,6.93418987526671,grupo 1
3.384841071029917,6.287854973347531,grupo 1
6.2917942040845105,4.241903979011242,grupo 1
5.7211497344618305,6.395819380473714,grupo 1
5.054085820125471,4.3019427432135124,grupo 1
4.741823564210608,4.607068198432457,grupo 1
4.090427818650947,7.293828963716226,grupo 1
4.022723211303518,5.3444723242465955,grupo 1
6.1895428280931535,2.7377545672318977,grupo 1
3.806321667350457,6.67457662689968,grupo 1
5.505268981229673,4.144777407988439,grupo 1
6.37213348715164,4.046558031569795,grupo 1
7.370683426227296,1.1820589906773753,grupo 1
4.147869212030276,6.738144093974704,grupo 1
4.393939484574215,6.430665667837429,grupo 1
5.540445516886955,2.8873339139949987,grupo 1
4.810122370530823,6.727799440192489,grupo 1
6.25747031043584,2.5095835187689985,grupo 1
4.6519972920616,7.150704665696529,grupo 1
7.505270182745909,4.086234381506127,grupo 1
4.182111541921863,4.561376572335593,grupo 1
4.367647547317947,5.084175663992718,grupo 1
4.889295456827318,5.866539197235279,grupo 1
6.094433906428932,4.261927099930263,grupo 1
3.651520258607251,6.650032676414428,grupo 1
6.1521618084547205,6.517664130518391,grupo 1
3.5950674590848264,4.841817788652506,grupo 1
2.5921433740516835,4.358725048444856,grupo 1
4.854607258980403,6.274015349611364,grupo 1
6.481480110876389,5.634187780401277,grupo 1
4.984302306807557,4.597763874104046,grupo 1
4.451846946813596,5.613695556452595,grupo 1
5.287169658375702,3.721939363537481,grupo 1
4.896379219592784,5.161787565671954,grupo 1
5.588378703550163,6.124238939266581,grupo 1
4.69644261739489,2.2449699602399056,grupo 1
4.105617182841305,3.863232553509664,grupo 1
6.952800545326026,3.9204341965111382,grupo 1
6.902534231440331,3.3652214729232934,grupo 1
5.123495215800838,3.05807195066568,grupo 1
5.811017443530302,6.36281949319187,grupo 1
4.663105009905252,5.813237870736051,grupo 1
3.4257868405106864,5.897061000446648,grupo 1
5.923704177724446,5.66637332347947,grupo 1
6.186921419180223,4.59876528046541,grupo 1
5.790389719481496,5.556090468002374,grupo 1
5.465573736581575,4.981367831957262,grupo 1
4.195030346339054,5.362969534340495,grupo 1
1.2945735876437445,7.722835378519793,grupo 1
4.579825068850051,4.362620687333264,grupo 1
1.7523034878856554,5.875776542735695,grupo 1
5.872496359298741,5.641396709594972,grupo 1
3.414933192428985,8.043675092816644,grupo 1
3.781349846221612,6.876709077750693,grupo 1
7.00764009039832,4.228013463686573,grupo 1
4.803195835377048,3.643655712038151,grupo 1
7.238354002407405,3.717362015841775,grupo 1
4.738393828400397,4.357430592176197,grupo 1
3.79841070206565,4.940014545070303,grupo 1
4.898263224411768,4.492702242330826,grupo 1
4.094966888516543,5.572803130268176,grupo 1
4.507268846244151,5.93404061508153,grupo 1
4.931225932604168,4.657134278895288,grupo 1
2.244253205811446,7.2237908425125354,grupo 1
7.0526690493163375,4.449506793294266,grupo 1
4.806390609628664,4.522913898196166,grupo 1
4.974671952926893,4.355823514967769,grupo 1
5.346923848892576,5.422256976094072,grupo 1
5.621081302615129,4.738419112369751,grupo 1
6.356321773327612,3.7632031381255495,grupo 1
6.979099127903952,2.2975383374032665,grupo 1
3.5530508034183512,8.606439743686664,grupo 1
5.044976270029493,6.152771153145591,grupo 1
5.684043046151388,3.7880624091150326,grupo 1
3.9452874456910783,5.981513544906024,grupo 1
4.098775895449806,4.3377171415929805,grupo 1
7.012274904217728,5.391499857766017,grupo 1
2.341527766821015,7.725709083302774,grupo 1
5.061070963058744,5.393250728104341,grupo 1
3.9846929387186387,7.094613392595836,grupo 1
4.778631365794353,5.827251110212201,grupo 1
5.5655660209582045,6.451718452249799,grupo 1
5.15844868548318,5.110965326481733,grupo 1
6.4587817833183845,5.686785553480266,grupo 1
6.186292278391155,4.390392096998493,grupo 1
6.152222171238105,4.388222413936455,grupo 1
4.007220776889633,4.364438253356353,grupo 1
4.51905008116796,7.085321706353193,grupo 1
6.533528028248395,2.9887007481265755,grupo 1
7.863128077665527,2.2246326302858037,grupo 1
4.131769422077803,4.318779449419269,grupo 1
5.625492800042832,5.391359880308926,grupo 1
7.122734170336753,4.366928790767341,grupo 1
5.633042859898447,3.0501531904590244,grupo 1
5.2549163958984035,4.199684432272243,grupo 1
5.055520250496977,4.936309219767443,grupo 1
7.484871406319257,2.2976553207341035,grupo 1
6.307436463240895,6.201152625005752,grupo 1
6.180493870364132,5.441569866865394,grupo 1
7.772097317910213,3.7071893898374864,grupo 1
3.1082136279660935,4.99250923527069,grupo 1
3.6008352199748064,5.970583790771882,grupo 1
5.305161818528996,4.273891425280354,grupo 1
3.928388441305136,6.720565727960973,grupo 1
4.884265636014468,4.460349353313874,grupo 1
3.8765284502692503,5.161136914038794,grupo 1
4.595907109142189,5.667165295614675,grupo 1
5.733343910143948,5.411147134358727,grupo 1
1.7066362347341872,6.09182292536895,grupo 1
5.598333411984139,4.005773875804614,grupo 1
6.803431928426668,4.470438475493045,grupo 1
4.882664723617938,4.674656745152026,grupo 1
5.317031241004374,3.5439388981579762,grupo 1
5.507313824064198,5.2721839681403235,grupo 1
4.955017510904102,6.1434128909772125,grupo 1
7.773900815699426,4.25287014287397,grupo 1
8.231753460436995,5.710736437595261,grupo 1
4.266676442532606,5.225914468199833,grupo 1
6.6612015513379355,4.611736140170806,grupo 1
5.814097084671339,5.262915000546106,grupo 1
4.797809990031172,3.62397798518455,grupo 1
7.493782804361771,4.228459459887426,grupo 1
3.9130799739432636,5.589115813309,grupo 1
7.220402999265268,5.718256203727835,grupo 1
7.035768177347611,3.026503606023611,grupo 1
5.982403807591383,3.0226529113488474,grupo 1
2.3812892960121443,5.527333985635882,grupo 1
4.188191627738508,4.4750314534699385,grupo 1
4.082510849629941,5.248920633888886,grupo 1
4.13686205041426,5.174524481503206,grupo 1
4.816242391073531,5.98010635031571,grupo 1
3.677594312729782,5.63364018912273,grupo 1
4.169081262246602,3.3412771556234846,grupo 1
3.033044723039993,8.94320708827044,grupo 1
4.661483890366153,2.019431805083066,grupo 1
5.076345354479439,4.945218396325318,grupo 1
3.9499882211527346,6.5106844364250165,grupo 1
2.785851034545122,7.216124359908308,grupo 1
5.77023423528387,4.25247585742798,grupo 1
4.198745910504105,5.0384820103883925,grupo 1
3.228849428166402,6.600800189779339,grupo 1
6.7710893701121435,2.6970308236680274,grupo 1
5.641358560070236,8.191115577273315,grupo 1
5.688805032653618,5.820407434258337,grupo 1
5.323123916613211,6.887408843750817,grupo 1
3.799554684988822,4.734687222618169,grupo 1
4.142798256962344,5.446960530467971,grupo 1
3.809971966346769,3.4242978817791165,grupo 1
5.14899405804955,5.017822071215357,grupo 1
5.6373919462251125,5.049887941434489,grupo 1
6.2033598551853135,2.585404479277414,grupo 1
4.340584869705482,4.953060079623112,grupo 1
5.091737434565471,6.46269880073168,grupo 1
3.3782093362265084,5.116983788711164,grupo 1
4.069446336411612,3.762984371063185,grupo 1
5.336305771838884,3.862672514518515,grupo 1
5.995624517783735,1.659017630039564,grupo 1
4.831289099617209,4.177337514163808,grupo 1
1.7298109483078044,4.761709583039869,grupo 1
5.312296589523025,6.297861825194894,grupo 1
3.95084807625625,6.986034831448524,grupo 1
5.949525462146792,4.410517525704464,grupo 1
3.7429960061191734,6.191549223503166,grupo 1
6.3905466021056565,2.8447539134427515,grupo 1
4.910097865418657,3.700339022683326,grupo 1
6.263675832092163,4.190466931552989,grupo 1
7.838607479807717,4.657531094033131,grupo 1
3.6123053850575517,5.603121495062444,grupo 1
3.7291969591686387,7.858197615827424,grupo 1
4.8759669948009465,5.332724843603166,grupo 1
4.526735229087023,6.990140090076218,grupo 1
6.284460508311872,3.9812507382637974,grupo 1
4.907813216065995,5.959351030484112,grupo 1
5.448281940000336,3.851192319614738,grupo 1
4.744345775792995,5.2280452723904105,grupo 1
5.863293049331293,4.854610089439248,grupo 1
4.042222072874002,5.693476641359031,grupo 1
5.804458982017422,3.57114539163956,grupo 1
6.23253800240216,4.352775297954132,grupo 1
3.0770593365405094,7.2824732886283545,grupo 1
7.0565643556792415,2.4514472907157545,grupo 1
6.53513861838541,5.650294730003093,grupo 1
4.992129613550974,4.312587522185713,grupo 1
5.127402537681785,5.34285003176195,grupo 1
3.6725540182139538,3.4184350431878547,grupo 1
2.7972531375313547,5.2681716144551505,grupo 1
3.9593746567969452,3.4879333222044684,grupo 1
5.9661062834394105,7.128290352204006,grupo 1
6.490981457667546,4.613841629909309,grupo 1
5.712096346677102,5.1618544093020455,grupo 1
2.61997074265043,7.28166775167699,grupo 1
4.294600036082142,5.518924465130664,grupo 1
3.7864564402952734,4.902150582512357,grupo 1
6.014632121627443,6.163480389134005,grupo 1
7.158616388707701,3.625038344696918,grupo 1
6.05433090210496,3.176652530623515,grupo 1
4.013888857332979,7.820931167979563,grupo 1
6.430520131000129,5.3281284488968454,grupo 1
4.523589836111402,6.418216034350547,grupo 1
8.556722607599236,3.4703971360232586,grupo 1
5.111702361881755,4.626497126986396,grupo 1
4.954612975697958,3.5509109330948054,grupo 1
4.540180860922751,5.127107006788769,grupo 1
5.433566837983511,4.835825050613525,grupo 1
5.511953388895319,3.790266681308063,grupo 1
5.8330527807698695,5.481638293783893,grupo 1
6.5967840082981155,3.1383188032628526,grupo 1
3.8474254519514686,4.9626734432699635,grupo 1
3.384721582755277,4.489143473176275,grupo 1
6.65706732079202,3.984770671917924,grupo 1
6.600648603614482,4.314438412663196,grupo 1
5.550173965390782,4.600358006274304,grupo 1
5.070465626624486,4.883700273851836,grupo 1
4.312685184787924,5.665316017102674,grupo 1
4.595763519473859,4.489858671567949,grupo 1
4.5107771688587945,6.060827985822952,grupo 1
6.300155041115472,3.8148194161200033,grupo 1
6.019731026311648,4.482887652257905,grupo 1
6.9375940839901595,5.540799122658598,grupo 1
3.3101413693009865,7.694355191082526,grupo 1
3.5421884891349613,5.613914419560205,grupo 1
6.507120250827576,3.711882667139723,grupo 1
6.8063519874586635,4.962449930545428,grupo 1
5.067641536637746,2.433000291777156,grupo 1
2.460264824580337,6.742103000864286,grupo 1
2.1475719779267957,4.668570952151316,grupo 1
4.5538212520706765,3.390033542974789,grupo 1
4.33762069836098,1.1264140625319987,grupo 1
4.745855720411502,6.289855186712213,grupo 1
6.618297669310435,3.2556146270099062,grupo 1
6.355188616277815,4.608662599823104,grupo 1
3.6333886224955325,5.598247730060351,grupo 1
3.843087401989174,4.7293748800713,grupo 1
7.2756974158636005,3.998470924214831,grupo 1
4.6779581879833945,5.307925253560957,grupo 1
6.2334988138281995,6.710315328279645,grupo 1
4.64428537452941,4.410704089568,grupo 1
2.988796981078055,6.993418722006978,grupo 1
5.481584542781137,5.019746172615501,grupo 1
5.776340813665502,6.154104966151861,grupo 1
6.510797184180259,5.8412694918117545,grupo 1
3.9511813376864535,4.46860045899503,grupo 1
7.661913121758043,2.932650975658416,grupo 1
7.901812471335973,8.147190425586171,grupo 2
6.825104266048562,7.085136618314567,grupo 2
6.244252623873458,9.364544173401061,grupo 2
8.682765470981316,7.699674389579972,grupo 2
7.863428010103565,7.817670021181694,grupo 2
7.62948845693378,7.575942523580504,grupo 2
8.409281893904998,7.0026926368330304,grupo 2
7.122474642122809,8.654868759489377,grupo 2
9.544296563893731,9.467262939279982,grupo 2
8.278265480160572,7.5437032207081005,grupo 2
8.972467708035454,5.769743900642766,grupo 2
5.305599051665366,9.090472661486347,grupo 2
7.389043284191096,10.183918717060367,grupo 2
5.1049956258055715,10.2551650004616,grupo 2
7.410270166591976,6.8037141491040884,grupo 2
10.164547480127283,6.709433452513904,grupo 2
7.425438310535981,8.745247623315763,grupo 2
7.665343315978873,6.061537081394804,grupo 2
8.656817026932073,5.251131407315067,grupo 2
6.9237204524136855,10.493857949274922,grupo 2
10.397100781186328,7.913343527702919,grupo 2
7.377053890762047,7.9583128056206265,grupo 2
6.903176617270095,10.044855118940465,grupo 2
7.813210670676769,8.902734959923567,grupo 2
6.137187601210938,9.464290718332535,grupo 2
6.925595155080256,9.76655717271013,grupo 2
10.304525067920224,5.608432629688737,grupo 2
7.787694030594504,7.1588608928911075,grupo 2
5.14062362032272,10.674799191657875,grupo 2
6.479397987191696,8.959338811366642,grupo 2
7.503332374618919,4.91285686805171,grupo 2
9.050014590988685,8.380009209528724,grupo 2
9.341613470565951,10.15108025225138,grupo 2
9.413994155214763,8.589586029972763,grupo 2
7.499522354786361,7.163619610842389,grupo 2
8.930561065914876,6.5497501303195556,grupo 2
8.659179357803843,10.658703053389285,grupo 2
8.773886418358765,5.106822831812475,grupo 2
9.319097078807168,7.696470913086105,grupo 2
7.625224866667126,8.201595702469886,grupo 2
9.538449319765428,5.76224303922528,grupo 2
9.016023283607058,7.950301629932204,grupo 2
7.766617210176575,5.788723071018914,grupo 2
8.922143828927998,8.043401086488062,grupo 2
6.9410489068076355,8.418269772560793,grupo 2
8.233167982875827,8.663564465199068,grupo 2
8.549741704423404,8.545668437203354,grupo 2
4.771547913335967,11.34670332530568,grupo 2
7.983473652932254,8.223445856056163,grupo 2
7.495342445510232,8.22566510761346,grupo 2
7.495167904017033,5.915258332714675,grupo 2
5.825752632299413,10.55056507375173,grupo 2
8.534010973403523,7.967951612070918,grupo 2
11.14870585814742,7.895393308548308,grupo 2
10.267278830395817,5.539799213793183,grupo 2
8.185520720501708,7.318394988089679,grupo 2
8.53108456895792,7.034620980185693,grupo 2
7.431642410404442,7.058205368429842,grupo 2
9.07988628513117,4.51320447124787,grupo 2
9.352953746224506,6.079061574373754,grupo 2
8.68209851081591,7.806522218664576,grupo 2
9.217295647304386,4.794635298419538,grupo 2
6.735645553975684,10.348830766226431,grupo 2
9.915321474785376,8.95625817206499,grupo 2
8.04481049734653,8.665175586398712,grupo 2
11.89620047070654,5.241010737047253,grupo 2
9.891506342834923,6.835898512701823,grupo 2
9.172612157910798,7.58629904417381,grupo 2
7.917489088150685,8.682309567271151,grupo 2
8.948278845495798,7.857397763813981,grupo 2
6.379287863758238,8.90542760417228,grupo 2
6.6209825298366,6.446062445785734,grupo 2
8.28377828865284,6.243527578227912,grupo 2
8.660306067066166,9.214157793283055,grupo 2
7.034158618220098,10.647295556825071,grupo 2
5.214422412596166,8.026424729743272,grupo 2
7.061845689267719,8.861037662527364,grupo 2
8.919034772094262,6.146866977378233,grupo 2
9.006625106205474,8.379794013543624,grupo 2
8.88287783233455,9.724858395794971,grupo 2
8.967149839823986,6.983632988220776,grupo 2
8.054606380307892,6.548373282529294,grupo 2
7.303215407025854,6.166772973043244,grupo 2
5.257821333394937,8.658902269884544,grupo 2
10.215947131559762,6.396500707916848,grupo 2
7.460455228985847,6.2449125716526535,grupo 2
10.123501498422604,6.021994996010783,grupo 2
7.7184383100969995,6.951641058899604,grupo 2
7.391818615156812,7.902115791226493,grupo 2
9.377800639251292,6.696364404390466,grupo 2
8.888811705273502,7.710823735606142,grupo 2
8.354281060313326,7.362126584166504,grupo 2
6.697664457960133,8.515331413554067,grupo 2
5.780571570336474,8.70762184904657,grupo 2
5.5641025988983746,9.78730891585901,grupo 2
8.384490127006718,9.63688646932844,grupo 2
4.149046045857599,8.286829308992374,grupo 2
10.182022490141794,5.5346887702144985,grupo 2
5.842830337226765,8.21681332119217,grupo 2
6.7177042089143395,9.092833757024946,grupo 2
7.657549436866603,7.453117884888643,grupo 2
10.794799415349797,7.206301528691437,grupo 2
6.81241926211054,8.100721192223272,grupo 2
8.831148747219107,6.60215694703364,grupo 2
9.842414082234985,7.204694193225515,grupo 2
6.836339986551002,8.08552394869303,grupo 2
7.605336798639634,8.362662173209731,grupo 2
9.340287142457449,8.382454017841999,grupo 2
8.081103789931749,7.097057962293568,grupo 2
6.822550071910925,8.136180063002607,grupo 2
8.929603295506483,7.184492120098765,grupo 2
7.895325823378014,8.542577797064759,grupo 2
7.600987140999764,6.577429578974398,grupo 2
7.530040032792753,9.927962769709605,grupo 2
7.30713943009842,9.907048397661715,grupo 2
9.795397010762168,5.079109159014654,grupo 2
9.313786797703303,7.022158260375064,grupo 2
7.671164619992384,7.809344751576529,grupo 2
8.412377255018589,8.080597328032681,grupo 2
8.714123371206728,5.946294889055257,grupo 2
9.70317944999709,9.67301682900291,grupo 2
5.941129005608042,10.874026937204658,grupo 2
9.103225836033285,8.479897012462212,grupo 2
9.075495799021759,7.396547657151878,grupo 2
4.5484149805180625,9.057884928851362,grupo 2
9.201694434367496,9.034787167301545,grupo 2
9.523956238254378,7.543599732945551,grupo 2
7.335535326348113,7.8948399675656775,grupo 2
9.256676876992165,8.220118895764802,grupo 2
6.18324285118203,6.835529621171344,grupo 2
7.913004262217646,8.246356509435643,grupo 2
8.282084834014828,7.946543611569573,grupo 2
9.757286138543863,6.444602960934393,grupo 2
8.360429489011665,9.440973220552486,grupo 2
7.854095223866696,8.89825928445622,grupo 2
7.761089226590794,9.856652454828705,grupo 2
4.225954697379839,9.11498448940685,grupo 2
5.491678235570818,11.058159659149783,grupo 2
7.192839789168156,7.127655662151285,grupo 2
8.71769352323985,7.548313182542968,grupo 2
11.250808711652162,6.98312849317427,grupo 2
8.152703891248915,5.877201173261183,grupo 2
10.354265687832202,9.768515042967046,grupo 2
6.40198918305544,6.08225146647033,grupo 2
5.59434840662885,9.17622974913546,grupo 2
9.122820756915857,8.148634417394042,grupo 2
7.333995562944023,8.727645727148854,grupo 2
7.597387237602487,12.053885740415229,grupo 2
6.25358270766697,7.9803356588573,grupo 2
4.0725239171893675,9.24607569500124,grupo 2
7.683800240334224,9.272159344446985,grupo 2
9.67693727558609,7.360895258567148,grupo 2
7.368339604502225,7.704497329546313,grupo 2
8.337706485062448,10.036223737523404,grupo 2
7.031425284113482,8.353702637243487,grupo 2
5.796941281877854,10.74248882299063,grupo 2
10.358186219435922,4.712533335358074,grupo 2
7.753054578956992,5.597408469348331,grupo 2
9.195151836989083,9.586068468998402,grupo 2
7.7279929941354855,7.879592416719359,grupo 2
6.660280916278392,10.180091241094592,grupo 2
6.7226534902120605,9.157393172204992,grupo 2
6.940445874807805,10.03854160217493,grupo 2
5.719232720826907,6.938327874101724,grupo 2
8.069716148442188,6.748189601860339,grupo 2
7.071742204133136,8.481513839035609,grupo 2
6.58260434729363,6.4190655611220615,grupo 2
8.172503147484717,9.955908029046498,grupo 2
7.617022182677135,5.7503108757519446,grupo 2
7.712292823079,7.884209119733124,grupo 2
8.825481019113347,8.997205185134176,grupo 2
7.586754637055438,8.425514219811252,grupo 2
7.344611056979168,6.219880969339972,grupo 2
6.4502579466410115,9.095911265501265,grupo 2
8.906821158631157,7.6400260107511055,grupo 2
8.432407781456035,8.81333413089649,grupo 2
6.171284756287229,9.71453467531347,grupo 2
8.378082537886156,8.270433314851017,grupo 2
9.660744622496903,8.342323399782227,grupo 2
7.9052442845080915,10.081823539536813,grupo 2
7.626805056931547,8.0841992821436,grupo 2
7.444517204259485,9.059613519575366,grupo 2
6.371909709365477,9.391872832436905,grupo 2
9.9151424038868,7.8187169723673895,grupo 2
6.572212074209958,9.052670988521026,grupo 2
8.008755706264756,9.737385137801313,grupo 2
4.665319767036727,8.977647648692724,grupo 2
7.510360611592279,8.170231587628775,grupo 2
7.127396880166916,8.916856934256584,grupo 2
8.64087291786212,10.620355696871371,grupo 2
8.251006067411714,8.582899695415291,grupo 2
8.820898331402194,7.001864462410745,grupo 2
7.7654521433807995,8.654880572211518,grupo 2
9.482620710122688,7.490541040604892,grupo 2
7.915696456482569,7.205016706729862,grupo 2
4.956771645002561,10.358920434725338,grupo 2
11.53426466495303,4.61690655630834,grupo 2
8.282795426917804,6.815094331380179,grupo 2
8.937952532953712,6.996965700400085,grupo 2
8.88503198767635,7.647854635295553,grupo 2
9.793029227610615,6.488680020849593,grupo 2
7.202352500923492,8.372021000102803,grupo 2
9.053679598627925,4.63656342779406,grupo 2
8.139829712571295,8.587626359610901,grupo 2
9.620901360363135,6.653275534573511,grupo 2
8.839828400135735,7.271565958237828,grupo 2
10.118877441694156,8.495916271589586,grupo 2
6.846495600074958,7.22499862295987,grupo 2
6.937396602453784,8.292006568269937,grupo 2
7.43848642479622,7.511155386463816,grupo 2
8.91751598098437,7.58553198009913,grupo 2
7.5007814865020865,9.329082194404188,grupo 2
9.84508918045722,6.447163054184602,grupo 2
8.838144490597767,7.0523501454299975,grupo 2
11.035968119014894,6.227053699404584,grupo 2
6.135072879185554,5.199842268128102,grupo 2
7.406258050964681,9.850048206609477,grupo 2
8.32345257296426,9.106392143719871,grupo 2
9.059310196866038,7.649746034701891,grupo 2
7.376036713756717,4.958619223383459,grupo 2
6.290659435523866,7.928607213458228,grupo 2
8.268265097441208,7.190874034929045,grupo 2
7.592276599425262,5.672890749234847,grupo 2
7.856692559072648,6.548972379435905,grupo 2
6.6014168937139415,6.676629239943494,grupo 2
7.185187308883383,8.162456353740593,grupo 2
8.814319476204618,7.692059691517148,grupo 2
7.41230850615314,7.560311592929402,grupo 2
9.37724442486833,7.623976289935155,grupo 2
7.068239419649971,8.142204300814925,grupo 2
7.029537736698522,7.249569001085257,grupo 2
9.991130196459673,6.397172075747452,grupo 2
7.242975106158316,7.895992368566624,grupo 2
8.092770707749606,7.820035779195188,grupo 2
6.413607312944565,8.506054204441947,grupo 2
9.000844029473791,7.95723196094574,grupo 2
6.846769493169337,5.805094384901845,grupo 2
9.265553463642654,9.257089527697548,grupo 2
7.995064338533798,10.375353516488234,grupo 2
6.4865363485249325,8.686816498746259,grupo 2
6.531091324689355,7.078880279898549,grupo 2
7.823250667843011,8.143626444890195,grupo 2
7.718194336325111,8.373392099725962,grupo 2
9.371298682822516,6.521947550607736,grupo 2
6.455583866205478,8.520074100974202,grupo 2
8.527092694474813,9.342278019504523,grupo 2
6.194102565862219,9.24177878931507,grupo 2
7.213562058121806,8.490015270319912,grupo 2
9.091403667269404,9.426428934492833,grupo 2
9.947101000902551,6.46715045551106,grupo 2
6.2347226262592965,5.710077734929191,grupo 2
7.981003650983047,7.71119120387495,grupo 2
5.487303745227266,10.084734392198419,grupo 2
8.744365074124852,8.76301271092696,grupo 2
7.7498505462783385,8.27122119845718,grupo 2
8.52428872046215,9.050838854171342,grupo 2
10.109387604737215,6.114265666336187,grupo 2
9.068132601414462,6.295465663167935,grupo 2
8.64031303571421,8.340521299913469,grupo 2
7.732837842538617,9.616674510342518,grupo 2
7.04665824141624,10.353086376919277,grupo 2
11.076990648114927,7.818441491159077,grupo 2
6.2078558300606765,8.33210258456681,grupo 2
7.161384354112606,9.987565297083187,grupo 2
9.070614701385015,7.836869312347235,grupo 2
9.581633246724905,9.070803761731977,grupo 2
9.265983372096617,9.962018446571479,grupo 2
5.314138667333162,7.97898117728448,grupo 2
7.654044664625505,9.290904014443381,grupo 2
4.751677077095096,9.639035852375223,grupo 2
9.238985149404744,7.1267095769088815,grupo 2
10.58855307347871,7.228790778809893,grupo 2
7.964063748411385,9.196577269538048,grupo 2
6.208803253838756,6.53078104851918,grupo 2
7.827135740521574,6.29998531639706,grupo 2
8.664831770719482,8.202043685713159,grupo 2
8.154650886014007,7.067488679509671,grupo 2
7.026931032960329,8.69802734591728,grupo 2
7.820625965822268,8.922323576571264,grupo 2
7.333629428166254,8.406609378970215,grupo 2
5.683579946191178,9.002697475187194,grupo 2
8.068532944253372,7.054546873474559,grupo 2
5.1662436710498225,9.401586625913819,grupo 2
9.787312388143647,5.991999470620499,grupo 2
6.3656501865876916,9.855368590077251,grupo 2
8.825890968090919,8.727042179287778,grupo 2
10.349886796716977,6.819534682120789,grupo 2
7.977460545411113,8.404544415904711,grupo 2
8.575910569325728,8.261252010456275,grupo 2
8.217554837592296,8.791418870420221,grupo 2
6.878036967532328,8.969797210929027,grupo 2
3.987016918605601,7.363399401290275,grupo 2
6.3755440126677385,8.477244495065339,grupo 2
7.473810664386921,10.632750601649695,grupo 2
8.385536589369401,7.019733281683498,grupo 2
9.147278137421058,6.630812554338229,grupo 2
8.597656546156745,8.734204970175416,grupo 2
8.274072893240119,6.250861089799003,grupo 2
9.866574025335069,7.50500396672509,grupo 2
7.423388334552631,8.400954205849729,grupo 2
7.656857470383919,6.473957377817799,grupo 2
8.065589341705692,7.320397194450099,grupo 2
8.86567561614226,8.107400178159574,grupo 2
8.766415503362003,5.676166401250752,grupo 2
9.255218657126573,5.161017266976254,grupo 2
5.3490109932458445,7.530080652678824,grupo 2
6.650264243816453,8.00740068187675,grupo 2
6.299843358635817,8.166022886052271,grupo 2
8.477958794545701,9.110644764155259,grupo 2
7.5841061995898436,8.661925695512762,grupo 2
4.71783442245209,7.920717227969817,grupo 2
9.300115167557648,9.465830925467879,grupo 2
8.025466879782527,5.352409627342801,grupo 2
5.76040027838337,10.319545552556514,grupo 2
8.177525952495396,6.646066305385927,grupo 2
8.635730488779561,9.982606456668396,grupo 2
10.128286097961373,8.848245241616432,grupo 2
6.699086041975428,7.667694006623596,grupo 2
7.244663395800082,9.610692735542974,grupo 2
7.852627532663999,7.585979755642845,grupo 2
8.08347467691649,9.742149311875579,grupo 2
8.092130356758508,8.348571256293809,grupo 2
4.1634927817422085,10.200417339040568,grupo 2
10.119080394795136,6.314610662203331,grupo 2
7.162184156286452,10.995684855968012,grupo 2
9.816989021917792,8.853082600702939,grupo 2
10.830596689615597,8.679679825384166,grupo 2
7.89155322725823,6.180562668870122,grupo 2
10.379737079149905,7.939060713489739,grupo 2
9.126910991037905,10.449130090200072,grupo 2
10.712535917566235,8.516636669009577,grupo 2
7.921588220678162,8.269943615099281,grupo 2
8.435622095721353,9.335543890314563,grupo 2
10.883731313670687,6.712937006964711,grupo 2
7.182264265414309,8.854559752808454,grupo 2
8.75959287352081,9.17528380092526,grupo 2
7.14107024462435,8.34735339660909,grupo 2
8.957394159835111,5.029059834465377,grupo 2
8.685297799224049,9.158594091065675,grupo 2
10.985896875250834,5.745698762508908,grupo 2
7.9018953752079035,6.805607714179094,grupo 2
5.562225930802416,7.858187079417943,grupo 2
8.495505754319463,8.820428691211983,grupo 2
11.75336291511797,5.246170149613601,grupo 2
7.229129123650262,8.944905137169172,grupo 2
11.335194694821597,5.708895498938643,grupo 2
10.212354340825073,8.212640891852416,grupo 2
6.020373784091105,10.27527460766868,grupo 2
9.122943545912205,8.959902456191413,grupo 2
8.958190312305392,8.310025078199397,grupo 2
10.093154721559927,8.036179572365244,grupo 2
7.319711591061626,6.355749315187596,grupo 2
6.261370835674007,8.007214463663896,grupo 2
8.735590761850036,7.972806579657809,grupo 2
9.527740575028108,7.3918278349438875,grupo 2
10.593884984182075,7.90470876599152,grupo 2
5.997569708602527,7.751589107544323,grupo 2
6.294621912597643,10.04354711771845,grupo 2
6.600004759974744,8.467677017589683,grupo 2
9.673102398068615,6.106480109288784,grupo 2
8.631308697231317,8.139320722795981,grupo 2
7.455581392485938,7.458309596141642,grupo 2
8.928412923661632,9.238621625060635,grupo 2
8.18096423180529,10.387186928496963,grupo 2
7.918490567171088,9.893424675714332,grupo 2
10.05050967384761,7.450964266044433,grupo 2
5.953902655487402,9.535993500513417,grupo 2
6.616803353160009,7.278954895836961,grupo 2
8.954332454578902,9.021759498334678,grupo 2
10.709305522627616,6.795850075288015,grupo 2
7.195439641357627,10.923507732288769,grupo 2
7.276778906451484,7.862707775850527,grupo 2
6.808632558355557,7.15942690024972,grupo 2
11.042380377522923,6.279484853528295,grupo 2
8.691076476750382,8.680281016347159,grupo 2
9.244256748946274,7.272123229589695,grupo 2
7.953336423924616,4.144612812389536,grupo 2
8.551030354482243,6.790060191057889,grupo 2
8.86866635699908,5.956147641267545,grupo 2
10.513161776286537,6.58097429998721,grupo 2
5.4316139675764425,8.390575963857852,grupo 2
8.0129029679357,5.486792936834227,grupo 2
7.9400183977012,8.594719237639817,grupo 2
10.47739142226097,5.940878697274533,grupo 2
6.261244499890256,9.315874483038531,grupo 2
6.216857899514988,8.548400480583746,grupo 2
6.96948188968238,9.19962668558019,grupo 2
6.684303344280284,9.23197819616572,grupo 2
10.992931685649314,7.28634701343147,grupo 2
6.062899887064562,8.285473204975247,grupo 2
9.064685670049615,9.439881340308103,grupo 2
10.344356931238595,5.44239478000938,grupo 2
9.069628131469983,9.685722344064732,grupo 2
6.771397313558542,10.247282211867244,grupo 2
7.554350256379902,8.105930557509053,grupo 2
7.327386692406673,9.72716077177837,grupo 2
5.8036994623035865,7.7052628065883,grupo 2
9.18786830181921,6.815360584581105,grupo 2
8.83696244235405,6.463574337429794,grupo 2
5.8737508574642305,7.846028321309043,grupo 2
8.388823769619462,10.20505886509616,grupo 2
7.517360139494359,8.064394791247256,grupo 2
9.601656106395309,7.924330899274862,grupo 2
6.265811420229319,8.680284449590616,grupo 2
8.459236816980379,8.783967526123481,grupo 2
6.085628567945942,7.142839144933771,grupo 2
5.192400855009698,9.892680708162212,grupo 2
4.1989123721978565,9.488091164368988,grupo 2
8.451510933881114,6.676778908365424,grupo 2
9.454244449787993,9.064186796304549,grupo 2
5.366268919113157,9.715004525331226,grupo 2
7.35080584471614,9.74889592455916,grupo 2
6.445567648636752,7.912488898015598,grupo 2
7.757717556402388,7.713063175433299,grupo 2
8.548136953316352,9.045051076711681,grupo 2
7.890692289005303,6.107118741798918,grupo 2
7.5364025488745465,9.084028471206393,grupo 2
8.50613127658145,7.557276658027389,grupo 2
10.769387002423901,5.858163030494659,grupo 2
9.474081139482333,6.323752246160757,grupo 2
8.87409803298208,4.170887737393028,grupo 2
9.939483868051905,6.916813885813709,grupo 2
10.644849939691063,4.590633159696074,grupo 2
6.062610571937553,8.679128955851924,grupo 2
9.206535543449657,8.794694312956329,grupo 2
7.075105684472646,6.979922241749486,grupo 2
10.384816579880042,9.102159790872392,grupo 2
8.132205739909262,6.132034931305397,grupo 2
7.912652674379968,7.343068863833168,grupo 2
7.546665565782253,7.031661834366937,grupo 2
7.899172205901978,8.774579151958854,grupo 2
8.37206224040125,8.840829943297724,grupo 2
4.853136232118855,9.570566020823744,grupo 2
5.827180789261389,11.276599310988942,grupo 2
10.452489287437011,7.114517831187759,grupo 2
7.0012595454072315,8.314654976415463,grupo 2
8.324402083330511,7.446350009938287,grupo 2
6.9283424138669965,6.320496360243615,grupo 2
4.220439219533882,7.979936986404601,grupo 2
6.1402113574066775,9.66022180643352,grupo 2
9.934658421666892,5.838950628923422,grupo 2
5.453293985529463,7.244252786873245,grupo 2
8.773132190835563,7.033813661872322,grupo 2
6.046341611201577,8.663967876320022,grupo 2
8.554010895824932,5.853903549217932,grupo 2
6.357590910818751,9.266306351439516,grupo 2
10.96480654318055,5.745111080389748,grupo 2
6.2221623876785515,8.592895011767796,grupo 2
5.629395924604564,9.878074897669002,grupo 2
7.132785050137321,9.783251219818625,grupo 2
8.684057517237187,7.783392677683781,grupo 2
8.225509952699262,8.408712062074127,grupo 2
7.929128645397891,8.261216205679597,grupo 2
6.418181378767505,10.570393979395238,grupo 2
7.367528037990195,9.527940525752056,grupo 2
5.9522656678811146,7.28197069683593,grupo 2
8.853577193347649,8.66611636230111,grupo 2
8.358123283399086,7.161651828002206,grupo 2
6.391463341801323,8.343201302669101,grupo 2
6.809303875950193,6.6239992646991865,grupo 2
8.717094181471962,8.473543171521397,grupo 2
7.136635315908156,10.182340057561335,grupo 2
9.292983211001669,8.86068721926376,grupo 2
10.086501000456412,7.903680662046156,grupo 2
10.793536869760832,7.236764511368409,grupo 2
9.933215408267735,7.376141363559486,grupo 2
10.519159771298089,6.453223833035891,grupo 2
7.473193054739129,7.774624221370888,grupo 2
5.786655656118763,7.076055875758699,grupo 2
9.26240136240515,8.373962945077949,grupo 2
5.4532821985606255,11.155480971787089,grupo 2
8.629668691875162,8.574243718937055,grupo 2
6.655208679286099,11.977033648675828,grupo 2
9.87524639232529,6.915291465500351,grupo 2
9.68181789803301,8.204115047360471,grupo 2
8.353289479004745,7.03791933883513,grupo 2
6.059418533156992,8.365338913739704,grupo 2
9.883710940034515,3.7841026068511576,grupo 2
9.634337061218169,4.389335436815946,grupo 2
8.270224292168363,8.469588711342498,grupo 2
8.300212202319775,10.040776910478929,grupo 2
5.5491553097861654,9.823195069530973,grupo 2
10.815905693594697,7.474099574787068,grupo 2
8.153979127125414,7.5396134349961095,grupo 2
5.908539037197883,9.04975211758973,grupo 2
6.556064435718943,8.68614544251413,grupo 2
8.065182018682412,8.967003172493857,grupo 2
9.130384065838363,7.001543008735276,grupo 2
10.362862704899374,8.043725965144093,grupo 2
8.865008719584397,8.241328027010002,grupo 2
8.92537313774223,8.786275884066033,grupo 2
8.1667646915689,7.38359627543962,grupo 2
9.634651616431656,6.569973392667172,grupo 2
6.362333166176272,10.48518632107766,grupo 2
7.96521758860041,6.248878893766356,grupo 2
8.029272809912651,6.79642148827226,grupo 2
8.085551774495006,5.470541075665992,grupo 2
10.835816401964077,8.045511311367138,grupo 2
8.876367055988675,8.93213986141803,grupo 2
8.854455097690403,6.948779382861991,grupo 2
13.665480850519144,9.41890789148641,grupo 3
8.344946610425845,12.845089517408725,grupo 3
11.424335820922897,9.735258217475591,grupo 3
10.421476462502989,9.831886766438394,grupo 3
13.323479129926941,12.794356515209245,grupo 3
11.246229418601818,11.986193059590653,grupo 3
10.297521211262747,13.129314366522632,grupo 3
10.453761362219907,10.04626477049539,grupo 3
11.153988813167134,12.579581203571301,grupo 3
11.074051809425422,11.52994289047283,grupo 3
11.73638638173664,10.546936830455179,grupo 3
12.019606186720855,10.506917411074017,grupo 3
8.569277823827209,12.825353543639928,grupo 3
9.882072238913565,11.187371374555912,grupo 3
8.323651128332312,11.339709679197433,grupo 3
10.430760095626873,10.919292801664986,grupo 3
11.708959319991278,9.119383544160073,grupo 3
8.540664042511544,11.772215690188023,grupo 3
11.056626839002439,10.820303863793923,grupo 3
12.699988226560126,10.171892216461474,grupo 3
9.685424517141724,11.61480325089725,grupo 3
9.082127339216758,10.444899531174542,grupo 3
10.229547090328998,10.435152976395022,grupo 3
11.443734026561645,14.178301826797856,grupo 3
15.00013861364952,11.37518906959791,grupo 3
10.87628743840198,12.317063323979134,grupo 3
9.195498934716882,11.771327007492985,grupo 3
9.984617971679453,9.451706693382912,grupo 3
8.42993748046101,13.689925123816682,grupo 3
12.411434134786106,9.11413638612084,grupo 3
11.974393707160592,10.879516497843166,grupo 3
13.843855923500907,11.932140626485236,grupo 3
10.58805254563052,11.251725485688283,grupo 3
9.16253807117483,10.897026382074744,grupo 3
11.920715424611423,12.069082570512798,grupo 3
11.557463814030353,11.363480329032992,grupo 3
10.435668294727774,13.439753452977811,grupo 3
12.907391286584895,9.48079135660517,grupo 3
11.815971681748172,12.365691395774283,grupo 3
11.445146539725906,8.79729538600769,grupo 3
10.055281612253905,9.07896875095674,grupo 3
14.246358345236688,11.6003407044297,grupo 3
13.273225533619637,11.213490480335073,grupo 3
10.632464933555283,9.432132098399764,grupo 3
8.043983527388047,10.868640229629525,grupo 3
11.095691895269617,10.011285859962703,grupo 3
9.70479473743919,11.179139176606483,grupo 3
7.944302355491077,10.552704626546582,grupo 3
11.925763429722533,11.350111922773452,grupo 3
13.712913550569494,10.035033414669616,grupo 3
12.872260100858833,8.91999103332363,grupo 3
10.062424976041791,10.568212444351797,grupo 3
10.534785786138825,11.407641808950693,grupo 3
10.704536754815049,12.481468710977477,grupo 3
12.057448811707525,13.394906776672638,grupo 3
11.596909444347395,9.31842918955073,grupo 3
10.51336575001325,12.013602859038867,grupo 3
11.726317923945937,12.954927042474978,grupo 3
11.082857507041265,10.794105833667885,grupo 3
9.415140290175945,12.324930572340236,grupo 3
9.747223507898818,9.43925400241934,grupo 3
10.51549183753592,11.448265927787,grupo 3
9.72387991978398,8.486555057913062,grupo 3
7.443575685922105,15.267083038686563,grupo 3
9.3764536021834,11.015911768548673,grupo 3
10.874899869035062,15.060342747900593,grupo 3
12.678894986895815,6.246414389670149,grupo 3
7.914000658909921,12.77086505611033,grupo 3
9.14712510371444,11.16463167424321,grupo 3
13.380254884373633,12.52631860529768,grupo 3
10.919006514017937,8.505390888962383,grupo 3
9.149772864917725,12.425367485516732,grupo 3
13.125709775574636,13.474686946779599,grupo 3
9.877784683213527,13.478177586034523,grupo 3
12.487491180579486,11.920141576250872,grupo 3
9.211095718008814,9.97150744879801,grupo 3
8.85014204393245,11.938409106566633,grupo 3
11.349496086897604,10.280206808097697,grupo 3
9.420918736028664,11.782782257912066,grupo 3
12.15893451203037,11.528851598435784,grupo 3
9.942543855185846,12.406667373301497,grupo 3
14.28594598731824,9.392037500342722,grupo 3
9.649534521392912,11.02038337397704,grupo 3
12.554832449067174,11.746763458975055,grupo 3
12.46891444688517,9.731961512537072,grupo 3
11.200503755699165,7.084558790778465,grupo 3
9.196453187156617,13.233982625538115,grupo 3
10.593990169659572,10.268070655242262,grupo 3
13.979630930280567,12.246340560587512,grupo 3
11.340006999143188,11.569506355053932,grupo 3
11.053928950190793,11.641163446083103,grupo 3
10.231693504054466,11.488681813487213,grupo 3
10.102919215072873,12.422187782467038,grupo 3
9.244914454264464,10.475527340923389,grupo 3
11.923247459874926,9.92808076605707,grupo 3
9.250505634733237,11.378203484959087,grupo 3
9.944098000355073,11.32479594155747,grupo 3
9.952837290768366,9.836901445918116,grupo 3
11.176602804468914,14.259980055602197,grupo 3
8.231209698327904,11.824349149800334,grupo 3
9.807057468133118,13.805766592200506,grupo 3
10.778331578749283,12.442677670518288,grupo 3
10.544096116017823,9.908189224721202,grupo 3
12.373934516508317,8.598463355919407,grupo 3
11.33240037574264,10.368581477007154,grupo 3
9.994710101617617,11.891772277853434,grupo 3
12.65341972396227,9.13907184571055,grupo 3
11.037512268815446,14.356295341290473,grupo 3
11.156655851697817,9.72059643308978,grupo 3
9.713217229247855,9.04327310248783,grupo 3
7.324637445369709,11.593481245405249,grupo 3
10.165585164993747,11.420542253466758,grupo 3
12.300576079256127,10.701944405659694,grupo 3
9.835300065256257,13.465534107089686,grupo 3
11.061170045579978,12.428323448389344,grupo 3
8.44105017291346,10.307764178226112,grupo 3
9.60827136583736,8.513878926898224,grupo 3
10.114341227530817,10.643166258956729,grupo 3
12.37158805070709,10.913039570677551,grupo 3
10.286610558307554,11.432454501246912,grupo 3
10.563658604107944,11.383846061172719,grupo 3
9.677105775701346,11.684817504244936,grupo 3
12.626946263563855,10.086289001114014,grupo 3
12.56137863669698,11.498634299786895,grupo 3
11.292963858810504,9.661674017938065,grupo 3
10.668307357925427,10.725479524188282,grupo 3
10.063462487322427,14.265374102422761,grupo 3
13.025258984973926,11.552388831290498,grupo 3
8.218674475026546,11.149620932035837,grupo 3
8.349147415686836,13.51500813279965,grupo 3
10.090963489207073,11.73734812838913,grupo 3
8.568905973703579,9.730278311142056,grupo 3
11.856870279511437,13.313843333810006,grupo 3
11.28884715979043,10.71098817409928,grupo 3
12.02581618679896,10.2178685636238,grupo 3
10.621237368608059,9.736960178947804,grupo 3
12.601119573931255,10.16601213186581,grupo 3
10.370247459393992,10.202614868538628,grupo 3
12.543451852139578,11.946025017869783,grupo 3
9.625792899775377,11.713980808162354,grupo 3
8.757245100307562,12.475353516108546,grupo 3
10.599640506650553,12.126748376315188,grupo 3
11.52523905459969,11.783343761744177,grupo 3
12.27102691105866,11.304738060526956,grupo 3
12.473608758322358,8.635911128539261,grupo 3
11.251959779147194,10.272486811158155,grupo 3
10.16743493284514,9.31680214174557,grupo 3
11.772838873473495,10.757767019018765,grupo 3
11.117386719043193,12.50451287414047,grupo 3
8.739032951504718,11.78336018407734,grupo 3
10.092065887871982,10.800291303177309,grupo 3
10.127705159212145,10.786104007997785,grupo 3
10.153190083360315,10.21220580029924,grupo 3
11.15883421899487,8.796373175213642,grupo 3
10.748185752871468,12.448834839499364,grupo 3
11.155399463686189,12.468286080823244,grupo 3
12.212371023050984,10.722079778129922,grupo 3
12.88499977301504,11.453079608533319,grupo 3
11.173299206110917,11.46500170607314,grupo 3
11.565967330949146,11.334650226711638,grupo 3
12.155712427902492,7.956392969877851,grupo 3
11.468427988422105,8.65383549680236,grupo 3
13.07440073227566,10.379124178189532,grupo 3
10.145073991002214,12.645792456584996,grupo 3
9.55923415944028,14.062393509256658,grupo 3
11.670020368742238,11.5303401909171,grupo 3
11.911743949313676,11.541380608365522,grupo 3
12.253250316933157,11.39721710086623,grupo 3
11.56807426645812,12.395712520417993,grupo 3
8.546845492464005,11.82753026412761,grupo 3
12.207595093845114,10.802975592887492,grupo 3
11.756861919127003,11.315510169915232,grupo 3
11.024405415919514,10.600284186095152,grupo 3
8.502672010172159,11.183240813850096,grupo 3
12.306042561795511,8.454673318307737,grupo 3
9.974459137199807,10.911213996069467,grupo 3
10.448992295793113,12.011895457989723,grupo 3
9.128740999553568,7.685988828011682,grupo 3
13.522482781216786,11.018671550848232,grupo 3
13.87186220320252,10.742751839673915,grupo 3
8.743630847428712,10.674675095518225,grupo 3
10.456048075440483,11.384418342102197,grupo 3
13.845797413545068,6.8782290025455275,grupo 3
12.285766997342268,11.78599006000594,grupo 3
8.862892267736783,14.355144347758213,grupo 3
10.529472368407411,12.603614253131617,grupo 3
13.030657954465148,10.40518039220845,grupo 3
12.281710586434029,10.075400925336503,grupo 3
11.055819942879191,11.8208146009504,grupo 3
11.91026325510512,9.631914680507482,grupo 3
12.480659764671046,8.527546869407066,grupo 3
12.16039040715938,11.9907702863475,grupo 3
13.53927236847792,7.650490339721875,grupo 3
11.493003883948184,11.432292855276986,grupo 3
10.857215021282597,11.082823109594623,grupo 3
10.502263441530859,13.10536343721408,grupo 3
9.50651487522719,11.813475849833003,grupo 3
10.336586844068218,11.296984940593436,grupo 3
11.996350916279846,11.980327041694371,grupo 3
12.863498110716067,11.363743078860574,grupo 3
11.125228844838388,10.527446834998967,grupo 3
10.81113751899798,11.337907116693918,grupo 3
10.48078830258253,11.476324922445086,grupo 3
10.058008774187313,9.512086179273364,grupo 3
9.621880339219487,9.395973433144233,grupo 3
11.56988396457664,9.922995441430222,grupo 3
8.865993308722416,12.875379930538926,grupo 3
12.500030904120226,10.396978749345609,grupo 3
11.881370676371514,10.96420658706529,grupo 3
12.964420832349916,9.223451900258226,grupo 3
9.992282061595812,11.21420453860124,grupo 3
7.006649314359114,10.296279899738591,grupo 3
12.138713318172634,8.127490792223645,grupo 3
10.825350069037649,10.482517064966418,grupo 3
10.134485650170692,9.634554569340057,grupo 3
11.45395540145093,8.991322452319334,grupo 3
10.60370829005689,9.081083218620478,grupo 3
10.92277568610291,9.762894396031461,grupo 3
10.643217181261779,12.040803314914394,grupo 3
11.748772435500436,8.775640252736205,grupo 3
10.15946125037023,11.456998243824236,grupo 3
11.484046397100387,12.207161737025363,grupo 3
10.344000312984992,11.703319432097631,grupo 3
8.73959218639514,11.535484582753401,grupo 3
11.186659321274185,11.68217730347212,grupo 3
7.661166489685364,12.419942248973785,grupo 3
10.881395296842236,9.8336210328374,grupo 3
13.237008759560512,12.020686526269662,grupo 3
12.09003815500629,9.933511722902352,grupo 3
10.313132091321895,10.647165174222831,grupo 3
9.397929670464219,13.802129994549007,grupo 3
10.949220122323798,12.166760547270185,grupo 3
9.791958392599726,12.215351951928591,grupo 3
12.683738416129081,12.750961254425931,grupo 3
10.893663940508523,13.640099792178077,grupo 3
8.135934644625122,12.23142400623015,grupo 3
14.03099314520694,7.852927241647327,grupo 3
9.91908455324462,7.851773462428456,grupo 3
12.525921256117995,10.800239690175024,grupo 3
9.258685650821864,11.101844397391162,grupo 3
14.242249115431848,9.259673226813566,grupo 3
10.834310767723501,8.516641323962215,grupo 3
10.683293408717,10.487353441601371,grupo 3
9.785949642259409,12.476725511558467,grupo 3
11.332455753129661,11.535112324616996,grupo 3
13.011957723826162,9.941956422203232,grupo 3
10.51126870308682,9.283707831296928,grupo 3
12.975514187004658,10.044392862935323,grupo 3
8.303800089234727,11.333084061301363,grupo 3
13.821370380663527,10.277254526274321,grupo 3
11.262654128919774,11.333522395077846,grupo 3
12.483630096224456,11.203496136966017,grupo 3
11.855662262013697,11.388531375077129,grupo 3
12.03140577032255,11.779379375837813,grupo 3
10.25710700207932,13.46756298595905,grupo 3
11.362790456350965,11.706094752886262,grupo 3
11.293190343071114,12.646353728534374,grupo 3
10.38111593953699,13.04891485103396,grupo 3
13.370488380857525,10.633706129131234,grupo 3
11.866661849920552,12.394617572492105,grupo 3
11.743886464885854,8.668014244348356,grupo 3
8.394570258483473,11.458666675390361,grupo 3
12.417760070003409,9.355982966100854,grupo 3
7.544406206819678,14.391534483643166,grupo 3
10.761034422075973,11.754657001096255,grupo 3
12.49353322333082,13.078699289596166,grupo 3
14.718975744598842,7.89759654796458,grupo 3
11.855572850837156,9.315968632730044,grupo 3
9.778939488601155,10.669457116253978,grupo 3
9.783628989605363,11.452019335510718,grupo 3
11.04660751225388,10.28953772782992,grupo 3
7.674774671552609,12.103485372389269,grupo 3
12.438619624329004,9.662825128352328,grupo 3
12.039234905720186,12.716457706770065,grupo 3
9.932861076330594,12.450293890907615,grupo 3
10.150568964430333,11.076664497229775,grupo 3
9.117282788261594,11.270825363284212,grupo 3
6.213381365955168,10.679230878443615,grupo 3
11.63871266206914,10.633422974325796,grupo 3
8.33092441732062,13.173180446987528,grupo 3
14.023064933922406,8.570676305057955,grupo 3
11.837547901013552,10.48583092298966,grupo 3
9.865804711962298,13.892111129400227,grupo 3
13.001171095620293,11.501636185772645,grupo 3
10.895690079452471,8.187773119699967,grupo 3
11.87985170351692,13.774534152081365,grupo 3
13.139015949644449,10.730111008287718,grupo 3
12.865493301309478,11.242648545533687,grupo 3
10.63603301920169,11.44649882058541,grupo 3
11.388020689633235,9.379622944769338,grupo 3
11.263505892527002,10.071734749898592,grupo 3
12.188339294761398,11.038721832772032,grupo 3
12.617545327842217,6.72611918106897,grupo 3
9.104916210434165,10.724705014073358,grupo 3
11.118149376879941,9.777285653811104,grupo 3
10.29179185831575,11.79753934915676,grupo 3
10.17718810553553,8.808027050869583,grupo 3
9.910883595893692,13.013481793952614,grupo 3
9.852080130310405,12.207423873006654,grupo 3
9.55439652618412,13.054842722452294,grupo 3
10.240876746282543,10.559747758199638,grupo 3
11.304501279589582,13.417989363015753,grupo 3
10.810356594812198,11.701880381461018,grupo 3
11.388917149848831,11.089993551181134,grupo 3
8.513090925673179,11.879085007454648,grupo 3
12.055670309765233,9.436321985379601,grupo 3
11.134945223905433,12.620162654681183,grupo 3
8.653095651812649,10.993482598981185,grupo 3
13.851450688527017,9.120156998636999,grupo 3
12.310145004804514,10.543203104868578,grupo 3
10.1044130025121,14.048421835254254,grupo 3
11.598361702062329,13.560083612463776,grupo 3
8.518631204220284,14.382040867327927,grupo 3
8.774213404744184,11.248333312949491,grupo 3
11.54961104407945,9.347186456403538,grupo 3
9.040971958541814,12.268222130235397,grupo 3
11.102881700549808,11.932426747104428,grupo 3
10.429506032893238,12.982452043091106,grupo 3
10.333182624012705,12.458969372488465,grupo 3
11.47621713016266,11.276730365883614,grupo 3
13.924059553697148,10.787557220939037,grupo 3
11.580577457731007,15.426745758514265,grupo 3
11.355297866928877,10.664505886968827,grupo 3
12.447180779323078,10.786649361767253,grupo 3
9.258505481226877,10.20316062367399,grupo 3
12.304926904767395,11.488850553143084,grupo 3
7.894707922634771,10.510607369490533,grupo 3
9.838088004977646,10.95250998560117,grupo 3
8.11455524875821,9.925134765961111,grupo 3
11.762316618460858,11.234771617549773,grupo 3
12.351700424630351,10.71839695902052,grupo 3
8.295582088688812,9.041984324864252,grupo 3
9.000156066816253,9.339266331584017,grupo 3
10.023308971772671,10.951739126952953,grupo 3
14.899324773128681,7.789321844664444,grupo 3
11.286294916943536,10.646889343789825,grupo 3
9.570273877602336,12.446087864508103,grupo 3
7.856067590274359,12.144064313945577,grupo 3
11.719963952665207,13.794188793211458,grupo 3
8.101687703576065,9.40033936447114,grupo 3
8.138961077007037,9.991606005194175,grupo 3
11.8343986577252,11.390567087669082,grupo 3
12.471813906209428,11.63459998997453,grupo 3
9.866837727122341,13.38207142995916,grupo 3
13.201424758976996,11.052445618079995,grupo 3
11.816577541246899,9.911121117816268,grupo 3
9.45131538774548,12.321659978533853,grupo 3
14.073600006269894,10.786136582739525,grupo 3
10.061080352485414,9.95897807100391,grupo 3
10.41003031898054,12.1677245164557,grupo 3
9.9596181700601,14.284927245461663,grupo 3
9.690259892606674,9.664443974963852,grupo 3
7.649117308399758,12.764459574562558,grupo 3
9.97835718369804,10.322379160148627,grupo 3
12.056552015217143,10.227158140658332,grupo 3
6.664948293296334,12.084283178624565,grupo 3
12.645075489484183,10.75715439665245,grupo 3
10.719547518568948,13.092365266236545,grupo 3
9.69198362052469,12.471977712999665,grupo 3
7.852168165141375,12.620823817577978,grupo 3
13.592550701080125,9.864628882675785,grupo 3
12.656302704746324,9.904422883080914,grupo 3
13.102756439588262,8.023788959179104,grupo 3
11.027062218863696,10.809966519161033,grupo 3
12.318048380060983,9.156517939495993,grupo 3
10.99096724106291,9.696588985696145,grupo 3
11.199056622611273,8.47200419342687,grupo 3
9.440808842714535,12.756988661799719,grupo 3
8.780416407329678,11.619105366508006,grupo 3
10.884812535309155,11.963575830130004,grupo 3
9.914914452071857,12.530091414152183,grupo 3
8.292758015707921,10.927580259785445,grupo 3
10.968270633191935,9.962850912502839,grupo 3
7.853940287411051,11.734045964886183,grupo 3
12.541576470694393,11.226616012312714,grupo 3
10.332695370789242,11.293373554213122,grupo 3
12.475322135752945,10.269093736494323,grupo 3
11.593456602328398,7.563276250663241,grupo 3
9.954648436775331,10.14170958977859,grupo 3
9.595354458515896,10.849600156965916,grupo 3
9.557435279846647,16.03114180903284,grupo 3
10.522694467300461,12.546863000295797,grupo 3
8.53533792897952,11.687578072108979,grupo 3
10.77694073957756,8.673585429874425,grupo 3
12.543751064968992,10.739630956457628,grupo 3
8.300855960330257,13.020169806073898,grupo 3
9.415754585853406,12.510429197157436,grupo 3
9.929043070999294,11.419123077530223,grupo 3
11.687652111236833,11.756621469878493,grupo 3
11.77112185858809,8.288259228050624,grupo 3
10.355094345792038,14.011558966553935,grupo 3
11.4239635485224,10.354095175081158,grupo 3
14.393552999624331,12.12853509589682,grupo 3
11.173006626593413,10.729801170163308,grupo 3
11.314147201477518,8.802909393146198,grupo 3
10.34194086004904,11.582471203271579,grupo 3
11.650303738403363,9.670690473000164,grupo 3
11.966998987476984,9.843123694076857,grupo 3
9.9776961346152,11.66876899092831,grupo 3
10.760674519976488,11.908631290161122,grupo 3
10.60427911015652,13.08562581974439,grupo 3
12.234616381805301,9.439591580610795,grupo 3
11.67957604438572,6.942899579070895,grupo 3
10.144004844558879,10.719596248877984,grupo 3
11.774469575169523,8.798801663082985,grupo 3
11.402967110660805,11.186741363082348,grupo 3
12.299534318689776,11.47093923234318,grupo 3
14.990749903271922,9.361043439034706,grupo 3
13.897440142251437,9.902307883233796,grupo 3
11.35600172089156,11.840288871470593,grupo 3
12.93051491148156,8.532235463521618,grupo 3
11.152734694830334,11.257026756255211,grupo 3
11.610569228743293,12.497353581210456,grupo 3
11.695866925561111,12.541399952115244,grupo 3
10.631405437139824,12.623656700912113,grupo 3
8.177987955281512,12.818278546696789,grupo 3
11.469356943951379,9.917914470898367,grupo 3
11.248489918865687,12.005131778312245,grupo 3
11.792784186159151,10.912720301599604,grupo 3
12.089418759730998,10.77783928962812,grupo 3
10.86415046519571,11.709643083664448,grupo 3
10.073980777252519,11.8004486844697,grupo 3
11.293300809582888,11.466373556911224,grupo 3
10.533700974985493,9.145449969859625,grupo 3
11.958580111431266,10.831371138491546,grupo 3
9.28254583414533,13.09326732749297,grupo 3
7.425356864771928,11.087357368997761,grupo 3
10.247548528394619,11.135990934844628,grupo 3
11.977889656981912,11.090686638040342,grupo 3
10.148446534578948,12.430248794362841,grupo 3
12.105124642903995,10.927135096810112,grupo 3
9.51014036533649,12.23610656165014,grupo 3
10.739079905838638,9.940255362807934,grupo 3
12.052653905196587,10.684528147318472,grupo 3
9.786837763809304,10.907254759947781,grupo 3
11.839112371417682,10.104678247961443,grupo 3
11.18964825889036,11.623638357878589,grupo 3
10.039421482056568,11.13550651072861,grupo 3
9.19741977113927,11.633767677314736,grupo 3
12.124232598067948,8.952944294804407,grupo 3
10.275435387845345,11.520396998650453,grupo 3
9.959747191713735,8.958563111141192,grupo 3
11.193572885671506,9.979316022549023,grupo 3
11.13981466028479,10.632936381535483,grupo 3
11.554793072700859,10.28563475601248,grupo 3
10.985494023778418,11.293603678076876,grupo 3
9.810897990683943,8.489575116875187,grupo 3
10.99141592000431,11.60853737353731,grupo 3
10.934130896901575,13.23873418550973,grupo 3
11.033967460364135,8.218965462345146,grupo 3
10.97150148989295,12.40237264916112,grupo 3
9.559387351899534,12.361703521314325,grupo 3
10.870016031405944,8.455956462677122,grupo 3
11.973105893190322,12.596527381596895,grupo 3
9.68449980650824,11.222546272405623,grupo 3
10.167586779453273,11.840181953644306,grupo 3
9.342827435620107,13.570864302498336,grupo 3
10.096894038804544,9.229728081293228,grupo 3
8.425090371717397,11.210201519285546,grupo 3
11.455915851832344,8.569523428270823,grupo 3
11.213437949934292,8.845145312909732,grupo 3
10.002893808654512,13.872690988515558,grupo 3
9.461610579207337,10.770787093493691,grupo 3
12.956961629442795,9.647951969813514,grupo 3
10.31756393715593,12.056578318052479,grupo 3
9.062595450114175,14.842304042566973,grupo 3
11.48130985488536,9.944592298356401,grupo 3
10.620647148581014,12.792350356316163,grupo 3
9.396233392922444,13.142171513642033,grupo 3
11.88379187018459,11.213928260924693,grupo 3
13.818918898622407,10.45071846769168,grupo 3
11.673151841964879,11.845564714908162,grupo 3
12.1334646344163,11.276723073157015,grupo 3
10.6778756307308,13.424611731163356,grupo 3
11.801956729156784,9.06950823830221,grupo 3
10.244693915877173,12.237404057460134,grupo 3
15.11114623453419,10.41512364626557,grupo 3
10.968231546715648,10.266335562757353,grupo 3
13.059870266552338,8.783882810532539,grupo 3
12.266939586420245,12.514913334485154,grupo 3
13.462667637754368,11.3213162518773,grupo 3
10.401228326482025,9.83612531653306,grupo 3
12.957170915523584,12.143356055516977,grupo 3
8.80905261935425,9.771442018310621,grupo 3
11.13642948146933,11.356991996173944,grupo 3
9.4966210955504,13.852560971992414,grupo 3
10.268047324043403,10.621906323927488,grupo 3
11.550002227019169,9.369896318821453,grupo 3
10.86293633229815,12.892258205725017,grupo 3
8.472709600576751,6.992141411367312,grupo 3
11.120292046854802,10.799015846738442,grupo 3
11.068598060193954,9.772369733236975,grupo 3
8.552810051972404,9.271784791315515,grupo 3
8.054749468870824,12.754978014289023,grupo 3
11.351166497326837,7.964815408708829,grupo 3
10.963808157287014,8.808692233651954,grupo 3
11.941966735462994,10.17132554965513,grupo 3
9.663112854211757,11.236715909769801,grupo 3
11.328540580997283,11.574443234730891,grupo 3
10.942254980384568,12.622979429469614,grupo 3
13.223853279852639,14.038239066014297,grupo 4
13.50570787637379,15.269749987701134,grupo 4
15.198859963263066,15.660334746661999,grupo 4
16.24532776633582,9.901534371424416,grupo 4
16.69286075408966,13.142258852134896,grupo 4
15.548288981790547,12.585787872243765,grupo 4
13.548577715037782,13.495415325885233,grupo 4
12.733608295176559,13.514359299989845,grupo 4
13.76446320744965,16.050869247202574,grupo 4
14.694796790883299,15.423298555122365,grupo 4
14.133873308918911,16.108893985004066,grupo 4
14.126582026359467,13.2498679009961,grupo 4
14.522412260358303,12.550903736474362,grupo 4
17.249421287640857,13.956272669080994,grupo 4
13.272419085056644,13.945756471767423,grupo 4
14.2897945591097,13.43190705602048,grupo 4
14.906930977227187,12.252573641892011,grupo 4
15.568972383948926,14.619576704567955,grupo 4
12.842112552702488,13.480054608540186,grupo 4
13.886250676439857,12.829463834094891,grupo 4
13.103451104099173,16.26980773623911,grupo 4
16.796523265951016,12.108583200852546,grupo 4
13.880360348972243,14.529734406900614,grupo 4
13.142897169399252,12.927164470009933,grupo 4
15.260319031790988,13.12622695015136,grupo 4
14.253987995682197,12.724813437710441,grupo 4
18.195820799198657,11.798066085435469,grupo 4
14.69944537168623,16.00013632841198,grupo 4
15.284130487236283,13.356014619113283,grupo 4
15.706652475275902,15.145915689562038,grupo 4
13.568884195935219,11.830643055786744,grupo 4
14.57951592824218,13.984586317244597,grupo 4
14.999595843824787,12.747707392495197,grupo 4
13.998502051117,13.48859596932551,grupo 4
13.1321901493583,14.259465896946264,grupo 4
11.58784580736311,12.68357407313891,grupo 4
13.501351343302163,14.595148579341515,grupo 4
11.82035609178547,15.094108108455327,grupo 4
14.593860484717359,13.521059246000323,grupo 4
13.669349109988175,13.89240546192385,grupo 4
12.76186753005937,15.562039324765312,grupo 4
13.9758550237004,14.129162918194945,grupo 4
15.976383847087126,12.719170781864067,grupo 4
15.14712738458698,11.979284042639073,grupo 4
14.243555718830704,12.46689966745377,grupo 4
16.387795836113302,13.155720460224892,grupo 4
15.145879448614957,12.091260161985497,grupo 4
13.955024375418844,15.424222352462959,grupo 4
12.17644076621213,13.228271991992258,grupo 4
14.836741730745551,13.739121903410952,grupo 4
15.946258575505018,12.600387179647425,grupo 4
13.327393898522748,12.87694912192377,grupo 4
14.673279579087016,13.391016459892011,grupo 4
14.065468916621468,15.253452214477868,grupo 4
13.958050169778563,14.56827411143127,grupo 4
14.407269642794805,14.847645737171765,grupo 4
16.589520586027128,12.548653313558196,grupo 4
13.980465464575229,14.484432640524975,grupo 4
13.635722615377823,12.777095651600565,grupo 4
15.682319766846174,12.161780022973955,grupo 4
16.583363810852337,11.277499060191236,grupo 4
14.61018669153422,12.813390809850178,grupo 4
12.326880095931958,14.442429928228519,grupo 4
15.03671674006102,15.365905634316707,grupo 4
13.845555009012402,14.664448583675352,grupo 4
13.562632144702441,13.6582945135076,grupo 4
12.031855977521547,15.54111889587914,grupo 4
16.01827802134872,11.858980962451971,grupo 4
14.627767328878841,13.430958016668983,grupo 4
13.78896675575482,12.172549143798026,grupo 4
14.224506290893816,12.6251288410771,grupo 4
13.064729758833346,14.391226390003917,grupo 4
13.465983122874341,15.961523596434997,grupo 4
14.684583201314316,15.552408673396686,grupo 4
15.436968140038942,12.552967979121407,grupo 4
15.009702953717495,13.948996085250155,grupo 4
12.083388212680795,12.69968599198405,grupo 4
11.584794281842765,13.233342320117004,grupo 4
11.247604888735019,15.957506182681103,grupo 4
14.252083026775384,11.760786717943768,grupo 4
14.567248541544307,13.713244768975011,grupo 4
15.084866258613946,10.178968493269931,grupo 4
14.391040001191701,16.02511249792321,grupo 4
14.08414013511461,15.117785634438638,grupo 4
13.978955138439096,16.128388610483363,grupo 4
14.968742341941576,12.541658787450913,grupo 4
13.31505518783404,14.39327097619135,grupo 4
13.336314186111691,16.987653034385918,grupo 4
12.281665310923039,15.114780390947425,grupo 4
11.085221329085792,17.78961390641559,grupo 4
14.548542994088239,11.745616805449584,grupo 4
12.280922336309775,15.08468887930753,grupo 4
12.997306023887976,13.557281424014299,grupo 4
11.534927382558422,14.220701547825387,grupo 4
14.726613013956596,15.505827859664267,grupo 4
16.399914289352175,12.176926918308604,grupo 4
12.38907460119612,17.080776707704807,grupo 4
17.32752756298529,12.663709730778756,grupo 4
13.898654643007612,13.763368412278954,grupo 4
13.588473464984396,12.677548048854716,grupo 4
15.367369564041507,15.510086352210447,grupo 4
12.696095185542038,15.296231438565584,grupo 4
15.279350272486967,14.067110576228796,grupo 4
12.631377458640003,15.799718435838045,grupo 4
14.853932694303381,15.305806913342447,grupo 4
11.380245526135813,13.888672177208946,grupo 4
13.12633692182112,15.473546917020165,grupo 4
15.759374051740213,14.094174346815409,grupo 4
12.988248397570537,14.446453237103919,grupo 4
14.644315130512444,11.445600979938208,grupo 4
15.005219630774064,12.917770798323716,grupo 4
15.561318166651095,15.25050899916936,grupo 4
13.221994351833505,15.483769295543182,grupo 4
16.02050695869326,10.607785325046251,grupo 4
13.139406184719547,13.824352128560003,grupo 4
13.380648208922967,14.789999461731405,grupo 4
13.716196832935163,13.948181527068558,grupo 4
13.15523090803645,13.422002102989065,grupo 4
14.74013854515247,14.261542461479193,grupo 4
14.135052386937629,13.15146301437728,grupo 4
13.029068057522462,13.600203761068673,grupo 4
13.896709198349143,14.304002808941018,grupo 4
13.8130057270532,15.070040236786166,grupo 4
13.667443390231002,12.069336696385044,grupo 4
16.63505112400051,13.7113937471112,grupo 4
15.351496338521518,13.454599092580013,grupo 4
14.271728395847903,15.26163110931976,grupo 4
12.552692123581346,15.670891860649293,grupo 4
13.683444345772264,14.602901264525293,grupo 4
13.427422027277354,13.740979301026075,grupo 4
16.174862898081013,10.716483997266774,grupo 4
14.799564170776387,13.337788492996552,grupo 4
10.986573560507175,18.563893716869813,grupo 4
12.221930987996537,16.11313932730554,grupo 4
13.082886878132468,12.199221807643713,grupo 4
14.089636067005484,11.683205008319725,grupo 4
13.445052011509729,14.906138487284819,grupo 4
15.487462500802947,13.595991186335567,grupo 4
14.7325235274106,14.855484280283473,grupo 4
13.48475991892572,14.564306043356689,grupo 4
15.581925541078782,12.109070395374626,grupo 4
15.515506273131098,14.263557865697795,grupo 4
14.28314391443745,13.523542615609314,grupo 4
13.705495042785865,14.577467453557766,grupo 4
15.030527258296667,12.264328715179897,grupo 4
12.572821038629984,13.845471685975568,grupo 4
15.319912964083883,15.442124725219143,grupo 4
15.73657503889698,14.568270399997877,grupo 4
14.698977281693987,12.240499097871222,grupo 4
12.807830126342527,14.44102605846921,grupo 4
17.81140154357898,13.875774524165282,grupo 4
13.946585575828323,13.968951038205274,grupo 4
14.667275808847979,12.782374440791427,grupo 4
14.3327272510189,15.918010073266366,grupo 4
13.069025092369992,14.364185230916116,grupo 4
14.537939760776025,14.673250967842044,grupo 4
10.22755819193801,15.390976495402347,grupo 4
13.125582938786554,15.575403954113892,grupo 4
12.71749075316861,13.957626734801027,grupo 4
14.533326841075437,13.668741396051326,grupo 4
14.490314004822132,13.368111137719875,grupo 4
13.188696785526252,12.30639481061175,grupo 4
15.390074492285791,13.537598932803151,grupo 4
13.064227368779813,12.954740137766763,grupo 4
14.17134800062873,12.367588594588767,grupo 4
14.008578600457627,12.085374995537387,grupo 4
9.395280181639233,17.093237448059053,grupo 4
12.387511471625853,14.84415778740499,grupo 4
13.467496852444945,14.361927165307023,grupo 4
12.329641572318296,15.562928101369197,grupo 4
13.350259753629656,12.95535425949381,grupo 4
14.129893574324688,16.119606425011046,grupo 4
13.203657754857968,14.040616996147472,grupo 4
13.110291049369998,14.927015105465099,grupo 4
14.73572795505555,14.009345928745397,grupo 4
13.654941836880596,12.500694049902235,grupo 4
16.14281048012096,14.744034412803837,grupo 4
13.630850420944617,15.881561046182467,grupo 4
13.842916243325691,13.408985576735088,grupo 4
14.252973435174647,12.673285342397829,grupo 4
13.936780564287163,13.500093883869702,grupo 4
12.619983533548314,15.830281697795028,grupo 4
15.152147475660492,14.81556504283461,grupo 4
14.781003462109856,14.557761436853209,grupo 4
12.935810841991952,15.362139118838524,grupo 4
14.586362873234602,12.403940173749717,grupo 4
13.665962243896878,15.7075087274054,grupo 4
13.41146861491241,15.435523105545808,grupo 4
13.629994289057555,12.817549743275306,grupo 4
12.606529709801503,11.943095909186104,grupo 4
13.258505694067964,12.919211316734243,grupo 4
16.278118428966664,14.561299152362901,grupo 4
14.640657370771372,13.40798967213954,grupo 4
15.840797965580125,13.582967843301788,grupo 4
14.628859947233048,12.376422852930354,grupo 4
11.534441888942519,14.151466457121469,grupo 4
15.352651295512088,11.78918658351497,grupo 4
11.692481911969201,16.817845012294907,grupo 4
15.033221415224181,15.235849940925654,grupo 4
13.252318066046145,13.736501380522068,grupo 4
14.591314731567705,14.579420356937641,grupo 4
14.352255892699763,12.515415174933057,grupo 4
15.09875345992215,13.364626487912314,grupo 4
12.483295374306378,16.53090016924358,grupo 4
17.173975359121364,12.321552370556276,grupo 4
12.589765634611439,15.868021805629109,grupo 4
15.21349505038479,13.07340963117645,grupo 4
12.812882362165267,15.152654570203662,grupo 4
11.404171369599865,13.722915705438952,grupo 4
14.450760343334476,12.91747764058564,grupo 4
15.32063052575337,12.993572064049705,grupo 4
14.263153275296467,13.857464507808901,grupo 4
14.114464684595456,13.588771720951334,grupo 4
12.473902922750522,15.987923203450443,grupo 4
15.36603504002349,13.131530656326328,grupo 4
13.593126051287529,15.84337183994871,grupo 4
16.695968861768133,13.364944513810347,grupo 4
13.224155508865527,15.572516067260544,grupo 4
12.221492725644715,14.093486312254836,grupo 4
14.243787235526677,14.047655317861405,grupo 4
15.657726089814615,14.027557382882181,grupo 4
13.353190401824735,11.17884527067838,grupo 4
12.768754122024706,14.022582377854462,grupo 4
14.94989691298202,13.871197241753574,grupo 4
12.9743806999645,13.25342496874556,grupo 4
13.147330146952969,13.51855288441507,grupo 4
14.35727100015955,16.11713969785928,grupo 4
13.385086221177357,14.846311842641114,grupo 4
13.133388495478249,13.22373623256842,grupo 4
12.215892877805775,14.74861468213694,grupo 4
12.878944838097018,14.004068411368989,grupo 4
12.450490294167084,13.93975053502493,grupo 4
13.350317553738254,12.674605373996263,grupo 4
14.804765287474227,14.673461556465378,grupo 4
15.89651921359914,15.504735891074429,grupo 4
13.661389018606323,12.615728828932202,grupo 4
14.262326505725753,15.33085703158954,grupo 4
14.547690524354046,12.937797335754384,grupo 4
13.811303537964056,16.33771911563202,grupo 4
15.538434889625293,14.127923114160707,grupo 4
15.810765934200314,11.986143760551915,grupo 4
14.999089949834193,13.836862592559378,grupo 4
12.362629046267875,14.5760055564619,grupo 4
14.766302094690083,14.596318630678766,grupo 4
16.49436503605113,13.177104145985645,grupo 4
13.506970538274274,13.912708552325494,grupo 4
15.423181955693561,12.201910888248406,grupo 4
13.890716664841984,16.23375269982375,grupo 4
15.129567505260848,13.952277155513102,grupo 4
16.120795908075152,13.469349902028688,grupo 4
15.963862820621639,12.456405524652888,grupo 4
16.226913672358585,14.59118131767946,grupo 4
15.42921047168992,10.464214316850217,grupo 4
14.034084497229086,13.344572451215669,grupo 4
16.996037307129935,11.961756705139603,grupo 4
13.784037240391225,13.354794377952096,grupo 4
13.283964257285126,16.971143120050577,grupo 4
13.82739734269501,13.75797202955292,grupo 4
15.204722957226561,13.129849183799376,grupo 4
16.53544435402243,12.4412016862728,grupo 4
10.213061717098146,16.00741829813301,grupo 4
14.263045006012495,15.827574602609355,grupo 4
14.261558912371408,12.156324835336886,grupo 4
11.599687379215524,15.42038692509297,grupo 4
12.481731091691335,13.190302199926043,grupo 4
14.75641774088587,13.359513208571018,grupo 4
12.059732953312098,16.89204090485064,grupo 4
16.501494035882786,12.490462020060232,grupo 4
15.391206631901216,15.362644213880461,grupo 4
14.668095702119718,13.779739385289188,grupo 4
14.554752356477955,13.448915332640425,grupo 4
14.547066832369605,16.19621247587664,grupo 4
13.685721364282825,13.377800609363058,grupo 4
14.994713900994478,13.778131422930114,grupo 4
13.778678444762349,13.581729507320993,grupo 4
13.72987793887969,15.163053287711938,grupo 4
14.717102810203752,15.261392831262347,grupo 4
11.11727760431786,12.910858734952026,grupo 4
13.832090121794838,14.05901792742806,grupo 4
15.063671862076626,13.62358866091223,grupo 4
13.87669901658275,12.933082869319335,grupo 4
13.048105733293031,15.700307979523359,grupo 4
11.85683699315843,16.08309016023704,grupo 4
14.385345163566434,15.007531764942005,grupo 4
15.074565000541298,12.710758874171358,grupo 4
14.804764487628926,12.994622579049327,grupo 4
13.828675105743411,12.848588819070377,grupo 4
11.178552911933325,15.282495841452139,grupo 4
14.122056246447642,13.61109232690565,grupo 4
15.031410743580079,13.560862775356881,grupo 4
14.746751159611527,17.610868425135237,grupo 4
16.098390313467497,13.078862850711653,grupo 4
13.608261106711845,15.090558754163,grupo 4
15.754103384600437,11.9011642064957,grupo 4
12.976013421173489,15.08399232931361,grupo 4
16.767959433228803,12.827398231004445,grupo 4
15.142419340987175,14.429607265937292,grupo 4
12.088343494430731,14.746858877501934,grupo 4
12.892474807256631,13.8450420755804,grupo 4
12.781921017051626,12.684690852741621,grupo 4
12.983090334009876,14.049628788142478,grupo 4
12.212088270766841,15.45569886267596,grupo 4
15.264915374644879,13.645759359444712,grupo 4
14.28180460436239,11.048955279312255,grupo 4
12.514652053318951,14.103101703681581,grupo 4
13.211335875105684,14.660026925000217,grupo 4
15.502840926256466,13.4167682940495,grupo 4
12.27457872612803,16.259112507760044,grupo 4
11.035724473400247,15.315804158061113,grupo 4
12.476951965238278,15.735576375601083,grupo 4
12.804309954703006,16.619957875231776,grupo 4
13.58572678912929,14.984273083508771,grupo 4
14.432263099845054,13.549437437802984,grupo 4
13.846310860677887,14.151484173236861,grupo 4
12.568305235324292,14.589893112666001,grupo 4
15.447815477614824,13.702281135407453,grupo 4
13.841958630248083,13.358400570324275,grupo 4
15.147842299807978,13.893848542362191,grupo 4
14.62058443129437,14.560934377964585,grupo 4
11.149062076222796,15.583032451963042,grupo 4
16.0185326665853,12.971314427949064,grupo 4
15.145230602970685,13.049174412083097,grupo 4
11.830310402096108,14.314707766467203,grupo 4
12.316281463213773,14.49520157597078,grupo 4
12.390503047321449,14.888784662903774,grupo 4
13.464346117342892,13.835520270286352,grupo 4
13.15889633865178,14.873969010754912,grupo 4
14.293919031792601,13.98645331141296,grupo 4
15.874853267263791,12.936401537975808,grupo 4
12.51231449490372,16.474770032449438,grupo 4
15.307916996853553,13.667949949663452,grupo 4
14.879685896771672,12.852107968489833,grupo 4
13.752838030586751,13.832756291446767,grupo 4
15.236932706017221,12.387884819309738,grupo 4
15.36454875818409,16.323754060611694,grupo 4
14.849598970133718,13.109445115429986,grupo 4
12.832466846440601,14.28669099238907,grupo 4
13.883269309988089,13.164893196310263,grupo 4
16.621035352514667,12.338552412709333,grupo 4
14.976536115482851,11.812150429054673,grupo 4
14.011778937401292,15.973276446787917,grupo 4
14.970208972050502,13.34243134070948,grupo 4
15.253414841574116,11.989413344478782,grupo 4
9.779722043484087,16.393808250078678,grupo 4
12.177509341995474,13.294894222020604,grupo 4
11.904807717511133,14.608610774527104,grupo 4
13.88819753553424,12.719037192235854,grupo 4
15.123333847713422,13.798656115429962,grupo 4
14.359771638604899,12.566085635284674,grupo 4
10.03826916944655,13.871879848673187,grupo 4
14.672428570606307,14.559827391189392,grupo 4
16.557741972168422,12.028455058530023,grupo 4
14.953669805216569,11.729299632759988,grupo 4
15.561561858540244,11.385691554567972,grupo 4
12.679989578887433,16.017224093847027,grupo 4
13.666483246242732,13.562257105852453,grupo 4
14.22003792052455,13.33504139725626,grupo 4
15.107427247696469,13.447378626520202,grupo 4
13.603215874003183,12.847595874073482,grupo 4
14.528276625259586,15.67724003257836,grupo 4
13.302007170794933,14.552555682644584,grupo 4
14.802704685533996,12.46249927581258,grupo 4
18.29603277101542,13.773918837705,grupo 4
14.957012612636621,13.90735138899862,grupo 4
14.336964013400845,12.872577409833612,grupo 4
15.631210005136872,13.641370029043724,grupo 4
12.271000401187665,14.012253229814803,grupo 4
14.698710337092242,14.272751016559049,grupo 4
13.769617258020093,13.821125383403507,grupo 4
15.236653932099834,13.72176185186421,grupo 4
12.648367433160484,17.106508865703127,grupo 4
14.55809571652833,15.776141300162827,grupo 4
14.380257300334582,14.515514102325154,grupo 4
14.532173838126413,11.690790140024957,grupo 4
16.379412588392867,13.157682034251591,grupo 4
16.60167788197205,12.499583576853606,grupo 4
15.45941728803808,14.529343391747602,grupo 4
16.492490755599768,15.090648765708709,grupo 4
14.42791679937723,13.40115798507773,grupo 4
16.551156886301964,11.40895115431924,grupo 4
11.88401698416044,12.858012409229895,grupo 4
12.717830965071792,14.644516629341556,grupo 4
13.662604557204778,14.408639801312813,grupo 4
15.14026470246003,13.068189100840153,grupo 4
11.250498686433044,16.759217735989793,grupo 4
14.239673701260479,15.476159594717778,grupo 4
14.308749559426461,14.154693734677851,grupo 4
14.601112523489805,14.486093290435612,grupo 4
13.006735753481589,13.747371927103627,grupo 4
11.922539674270121,13.671153288010837,grupo 4
16.830158474996136,12.21729488210008,grupo 4
13.4067630520755,12.757317374694498,grupo 4
14.293009887289651,13.639781250150794,grupo 4
14.472503239749974,13.084801424031994,grupo 4
13.207550646384139,13.89929165385313,grupo 4
15.264107736612079,13.219186510041393,grupo 4
16.277913534422215,11.445715667572971,grupo 4
13.906730714697533,13.412213939153938,grupo 4
15.987757336524957,15.427500356453383,grupo 4
13.716143628031363,14.206458523414822,grupo 4
12.287521367604718,16.50906659500795,grupo 4
16.984162811251625,13.281334483402654,grupo 4
14.12070405296926,14.09558304975215,grupo 4
16.60091949057515,12.852451143616406,grupo 4
13.848155609805698,15.106674030878791,grupo 4
15.438512563210622,11.616331578918205,grupo 4
14.330277755761246,12.011327161060668,grupo 4
14.365551376520303,16.07062487426261,grupo 4
14.455004207818988,15.772588811349882,grupo 4
12.63140142524471,13.33433755364613,grupo 4
15.566088355311981,12.812639296169015,grupo 4
13.718910282436383,12.986452664043558,grupo 4
12.597742800324518,15.035795111399727,grupo 4
15.712477571795368,15.235856064606198,grupo 4
16.955923706870202,12.8579164588248,grupo 4
11.977710181741891,13.367431609537096,grupo 4
12.007676773896744,14.392135366381515,grupo 4
11.95032987518299,14.935422446913607,grupo 4
13.223742513083884,14.236396946048204,grupo 4
13.866183758227134,11.585930633057234,grupo 4
14.703239283155828,14.62531842718638,grupo 4
12.392392466930888,14.451202412498876,grupo 4
13.072252210386045,15.123183453120676,grupo 4
12.688863628689086,15.995058876068311,grupo 4
12.861897594771815,10.875236875918764,grupo 4
14.309686661844541,11.494487153380911,grupo 4
14.545925063021683,14.104971040187543,grupo 4
15.469668247636195,13.788317603530746,grupo 4
11.70649468042414,14.526330870187945,grupo 4
17.524642238300153,12.129401713402196,grupo 4
13.999021253946733,13.860215943899197,grupo 4
14.406064954955193,15.995048453742752,grupo 4
11.402877217184779,15.60227876688377,grupo 4
15.319499425981089,12.041312156851795,grupo 4
11.903235469586482,15.785806440448688,grupo 4
14.994500259773105,13.67876007624937,grupo 4
13.549050807331747,14.359949392591703,grupo 4
16.346644015906783,15.50239255998355,grupo 4
14.309947820163776,14.496597932576657,grupo 4
11.931511067090243,16.050586500805608,grupo 4
13.941437707935467,13.879554869971047,grupo 4
12.769842932849208,15.097125106715911,grupo 4
13.332570840788739,14.423710023335813,grupo 4
15.503298834082988,15.501693252644323,grupo 4
13.049070341618858,13.41617828875549,grupo 4
14.081116733546681,14.620905569096685,grupo 4
13.758640509631743,13.582245679865832,grupo 4
16.86734718259845,12.210487650632203,grupo 4
15.323712218077596,13.321084142036703,grupo 4
15.24087069520121,12.907413888287651,grupo 4
15.153682644755687,11.09128631486723,grupo 4
14.23718562187702,14.494029200783602,grupo 4
14.384938157100175,10.78978444428311,grupo 4
14.968618920977825,12.675295167719339,grupo 4
10.468716155784248,16.543390989314748,grupo 4
13.319322370867205,12.73425225375588,grupo 4
11.964818745101525,15.629082055777914,grupo 4
12.947612115084297,14.235384066068764,grupo 4
12.489863785461889,16.20540922533786,grupo 4
14.824565215986464,11.988090262882674,grupo 4
12.940794240118288,15.925446147762717,grupo 4
14.59885010293786,14.417997126650558,grupo 4
15.44614370232955,14.055531342359838,grupo 4
13.807792970469638,13.851661839650557,grupo 4
15.269762041750099,14.277108589924598,grupo 4
15.168848884723248,14.200881188940484,grupo 4
13.437947489624378,13.239484568264622,grupo 4
12.126026962290583,14.238756394038397,grupo 4
14.721712179339283,15.119922262669474,grupo 4
14.921842557030182,14.312121493613974,grupo 4
13.529117906701327,14.578676229334738,grupo 4
13.217880685566444,14.445346162893243,grupo 4
11.80783437515797,13.273968711682224,grupo 4
13.993829144963712,14.171688790205128,grupo 4
14.437946147533074,12.888868181518443,grupo 4
12.822413588556755,13.573526939623598,grupo 4
16.109431607771004,9.612798028085125,grupo 4
15.86700457749475,15.460018394625731,grupo 4
15.001932509087315,12.174427607789664,grupo 4
14.215280708320925,15.872335904072012,grupo 4
14.287046249501492,15.959603742075618,grupo 4
13.208418113055895,14.709630052858854,grupo 4
17.85356110367226,11.848519276022097,grupo 4
14.48584473494715,13.16293429696548,grupo 4
12.66477947811892,15.729903253427178,grupo 4
14.17995963819131,13.08129886070688,grupo 4
14.48236718767817,12.963368960736606,grupo 4
14.401822732496013,13.685475410424841,grupo 4
15.593266386885038,13.293898928871071,grupo 4
13.170558324451921,13.926927344538369,grupo 4
13.726706386108104,15.02624628285819,grupo 4
13.517208028594581,14.142199078474198,grupo 4
14.499658304005054,13.411520998849959,grupo 4
15.58062625000169,14.325209619046413,grupo 4
14.736979980031032,13.766564549623615,grupo 4
12.829794191166975,14.980955531759635,grupo 4
16.520070929774576,9.097255523714276,grupo 4
15.063752114418918,13.163159263164495,grupo 4
13.09099888479956,13.15808849039182,grupo 4
13.85399204619511,14.096487003436344,grupo 4
